type,instance,W,H,m,n,exploredNodes,generatedNodes,opt,feasible,time
CJCM,E00N10,20,20,10,10,50,50,1,0,0.0
CJCM,E00N15,20,20,15,15,635,635,1,0,0.0
CJCM,E00N23,20,20,23,23,11677277,11677277,1,0,0.978
CJCM,E00X23,20,20,23,23,5213824,5213824,1,0,0.428
CJCM,E02F17,20,20,17,17,6048,6065,1,1,0.016
CJCM,E02F20,20,20,20,20,146,166,1,1,0.032
CJCM,E02F22,20,20,22,22,0,0,1,1,0.0
CJCM,E02N20,20,20,20,20,9217,9217,1,0,0.016
CJCM,E03N10,20,20,10,10,200,200,1,0,0.0
CJCM,E03N15,20,20,15,15,947,947,1,0,0.0
CJCM,E03N16,20,20,16,16,164386,164386,1,0,0.031
CJCM,E03N17,20,20,17,17,483,483,1,0,0.0
CJCM,E03X18,20,20,18,18,780,798,1,1,0.016
CJCM,E04F15,20,20,15,15,1234,1249,1,1,0.016
CJCM,E04F17,20,20,17,17,0,0,1,1,0.0
CJCM,E04F19,20,20,19,19,0,0,1,1,0.0
CJCM,E04F20,20,20,20,20,0,0,1,1,0.0
CJCM,E04N15,20,20,15,15,2560,2560,1,0,0.016
CJCM,E04N17,20,20,17,17,188,188,1,0,0.015
CJCM,E04N18,20,20,18,18,49061,49061,1,0,0.016
CJCM,E05F15,20,20,15,15,92,107,1,1,0.0
CJCM,E05F18,20,20,18,18,0,0,1,1,0.0
CJCM,E05F20,20,20,20,20,0,0,1,1,0.0
CJCM,E05N15,20,20,15,15,16189,16189,1,0,0.015
CJCM,E05N17,20,20,17,17,6329,6329,1,0,0.017
CJCM,E05X15,20,20,15,15,2456,2456,1,0,0.0
CJCM,E07F15,20,20,15,15,1,16,1,1,0.0
CJCM,E07N10,20,20,10,10,55,55,1,0,0.0
CJCM,E07N15,20,20,15,15,198,198,1,0,0.0
CJCM,E07X15,20,20,15,15,2015,2015,1,0,0.0
CJCM,E08F15,20,20,15,15,87,102,1,1,0.0
CJCM,E08N15,20,20,15,15,100,100,1,0,0.0
CJCM,E10N10,20,20,10,10,65,65,1,0,0.0
CJCM,E10N15,20,20,15,15,6976,6976,1,0,0.0
CJCM,E10X15,20,20,15,15,11862,11862,1,0,0.0
CJCM,E13N10,20,20,10,10,370,370,1,0,0.0
CJCM,E13N15,20,20,15,15,15975,15975,1,0,0.0
CJCM,E13X15,20,20,15,15,154,154,1,0,0.0
CJCM,E15N10,20,20,10,10,203,203,1,0,0.0
CJCM,E15N15,20,20,15,15,1889,1889,1,0,0.015
CJCM,E20F15,20,20,15,15,0,0,1,1,0.0
CJCM,E20X15,20,20,15,15,0,0,1,1,0.0
MSB-450,OPP_2D_10_2s_10I_0W,100,100,10,10,0,0,1,0,0.0
MSB-450,OPP_2D_10_2s_10I_10W,100,100,10,10,0,0,1,0,0.0
MSB-450,OPP_2D_10_2s_10I_20W,100,100,10,10,0,0,1,1,0.0
MSB-450,OPP_2D_10_2s_10I_2W,100,100,10,10,12,12,1,0,0.016
MSB-450,OPP_2D_10_2s_10I_30W,100,100,10,10,0,0,1,1,0.0
MSB-450,OPP_2D_10_2s_10I_40W,100,100,10,10,0,0,1,1,0.0
MSB-450,OPP_2D_10_2s_10I_4W,100,100,10,10,797,797,1,0,0.016
MSB-450,OPP_2D_10_2s_10I_6W,100,100,10,10,0,0,1,0,0.0
MSB-450,OPP_2D_10_2s_10I_8W,100,100,10,10,0,0,1,1,0.0
MSB-450,OPP_2D_10_2s_1I_0W,100,100,10,10,15,15,1,0,0.016
MSB-450,OPP_2D_10_2s_1I_10W,100,100,10,10,0,0,1,1,0.0
MSB-450,OPP_2D_10_2s_1I_20W,100,100,10,10,0,0,1,1,0.0
MSB-450,OPP_2D_10_2s_1I_2W,100,100,10,10,41,41,1,0,0.016
MSB-450,OPP_2D_10_2s_1I_30W,100,100,10,10,0,0,1,1,0.0
MSB-450,OPP_2D_10_2s_1I_40W,100,100,10,10,0,0,1,1,0.0
MSB-450,OPP_2D_10_2s_1I_4W,100,100,10,10,129,129,1,0,0.016
MSB-450,OPP_2D_10_2s_1I_6W,100,100,10,10,377,377,1,0,0.016
MSB-450,OPP_2D_10_2s_1I_8W,100,100,10,10,0,0,1,1,0.0
MSB-450,OPP_2D_10_2s_2I_0W,100,100,10,10,0,0,1,0,0.0
MSB-450,OPP_2D_10_2s_2I_10W,100,100,10,10,0,0,1,1,0.016
MSB-450,OPP_2D_10_2s_2I_20W,100,100,10,10,0,0,1,1,0.0
MSB-450,OPP_2D_10_2s_2I_2W,100,100,10,10,104,104,1,0,0.016
MSB-450,OPP_2D_10_2s_2I_30W,100,100,10,10,0,0,1,1,0.0
MSB-450,OPP_2D_10_2s_2I_40W,100,100,10,10,0,0,1,1,0.0
MSB-450,OPP_2D_10_2s_2I_4W,100,100,10,10,1524,1524,1,0,0.0
MSB-450,OPP_2D_10_2s_2I_6W,100,100,10,10,0,0,1,0,0.0
MSB-450,OPP_2D_10_2s_2I_8W,100,100,10,10,0,0,1,1,0.0
MSB-450,OPP_2D_10_2s_3I_0W,100,100,10,10,53,53,1,0,0.0
MSB-450,OPP_2D_10_2s_3I_10W,100,100,10,10,0,0,1,1,0.0
MSB-450,OPP_2D_10_2s_3I_20W,100,100,10,10,0,0,1,1,0.0
MSB-450,OPP_2D_10_2s_3I_2W,100,100,10,10,153,153,1,0,0.016
MSB-450,OPP_2D_10_2s_3I_30W,100,100,10,10,0,0,1,1,0.0
MSB-450,OPP_2D_10_2s_3I_40W,100,100,10,10,0,0,1,1,0.0
MSB-450,OPP_2D_10_2s_3I_4W,100,100,10,10,39,39,1,0,0.0
MSB-450,OPP_2D_10_2s_3I_6W,100,100,10,10,57,57,1,0,0.016
MSB-450,OPP_2D_10_2s_3I_8W,100,100,10,10,0,0,1,1,0.0
MSB-450,OPP_2D_10_2s_4I_0W,100,100,10,10,64,64,1,0,0.0
MSB-450,OPP_2D_10_2s_4I_10W,100,100,10,10,0,0,1,1,0.0
MSB-450,OPP_2D_10_2s_4I_20W,100,100,10,10,0,0,1,1,0.0
MSB-450,OPP_2D_10_2s_4I_2W,100,100,10,10,444,444,1,0,0.0
MSB-450,OPP_2D_10_2s_4I_30W,100,100,10,10,0,0,1,1,0.0
MSB-450,OPP_2D_10_2s_4I_40W,100,100,10,10,0,0,1,1,0.0
MSB-450,OPP_2D_10_2s_4I_4W,100,100,10,10,97,97,1,0,0.016
MSB-450,OPP_2D_10_2s_4I_6W,100,100,10,10,685,685,1,0,0.0
MSB-450,OPP_2D_10_2s_4I_8W,100,100,10,10,0,0,1,1,0.0
MSB-450,OPP_2D_10_2s_5I_0W,100,100,10,10,179,179,1,0,0.0
MSB-450,OPP_2D_10_2s_5I_10W,100,100,10,10,0,0,1,1,0.0
MSB-450,OPP_2D_10_2s_5I_20W,100,100,10,10,0,0,1,1,0.0
MSB-450,OPP_2D_10_2s_5I_2W,100,100,10,10,0,0,1,0,0.0
MSB-450,OPP_2D_10_2s_5I_30W,100,100,10,10,0,0,1,1,0.0
MSB-450,OPP_2D_10_2s_5I_40W,100,100,10,10,0,0,1,1,0.0
MSB-450,OPP_2D_10_2s_5I_4W,100,100,10,10,96,96,1,0,0.0
MSB-450,OPP_2D_10_2s_5I_6W,100,100,10,10,417,427,1,1,0.0
MSB-450,OPP_2D_10_2s_5I_8W,100,100,10,10,0,0,1,1,0.0
MSB-450,OPP_2D_10_2s_6I_0W,100,100,10,10,0,0,1,0,0.0
MSB-450,OPP_2D_10_2s_6I_10W,100,100,10,10,0,0,1,1,0.0
MSB-450,OPP_2D_10_2s_6I_20W,100,100,10,10,0,0,1,1,0.016
MSB-450,OPP_2D_10_2s_6I_2W,100,100,10,10,292,292,1,0,0.0
MSB-450,OPP_2D_10_2s_6I_30W,100,100,10,10,0,0,1,1,0.0
MSB-450,OPP_2D_10_2s_6I_40W,100,100,10,10,0,0,1,1,0.0
MSB-450,OPP_2D_10_2s_6I_4W,100,100,10,10,508,508,1,0,0.0
MSB-450,OPP_2D_10_2s_6I_6W,100,100,10,10,1147,1147,1,0,0.016
MSB-450,OPP_2D_10_2s_6I_8W,100,100,10,10,0,0,1,1,0.0
MSB-450,OPP_2D_10_2s_7I_0W,100,100,10,10,0,0,1,1,0.0
MSB-450,OPP_2D_10_2s_7I_10W,100,100,10,10,0,0,1,1,0.0
MSB-450,OPP_2D_10_2s_7I_20W,100,100,10,10,0,0,1,1,0.0
MSB-450,OPP_2D_10_2s_7I_2W,100,100,10,10,913,913,1,0,0.0
MSB-450,OPP_2D_10_2s_7I_30W,100,100,10,10,0,0,1,1,0.0
MSB-450,OPP_2D_10_2s_7I_40W,100,100,10,10,0,0,1,1,0.0
MSB-450,OPP_2D_10_2s_7I_4W,100,100,10,10,462,462,1,0,0.016
MSB-450,OPP_2D_10_2s_7I_6W,100,100,10,10,0,0,1,0,0.0
MSB-450,OPP_2D_10_2s_7I_8W,100,100,10,10,148,148,1,0,0.0
MSB-450,OPP_2D_10_2s_8I_0W,100,100,10,10,0,0,1,0,0.0
MSB-450,OPP_2D_10_2s_8I_10W,100,100,10,10,0,0,1,1,0.0
MSB-450,OPP_2D_10_2s_8I_20W,100,100,10,10,0,0,1,1,0.0
MSB-450,OPP_2D_10_2s_8I_2W,100,100,10,10,189,189,1,0,0.0
MSB-450,OPP_2D_10_2s_8I_30W,100,100,10,10,0,0,1,1,0.0
MSB-450,OPP_2D_10_2s_8I_40W,100,100,10,10,0,0,1,1,0.0
MSB-450,OPP_2D_10_2s_8I_4W,100,100,10,10,0,0,1,0,0.0
MSB-450,OPP_2D_10_2s_8I_6W,100,100,10,10,378,378,1,0,0.0
MSB-450,OPP_2D_10_2s_8I_8W,100,100,10,10,389,389,1,0,0.0
MSB-450,OPP_2D_10_2s_9I_0W,100,100,10,10,219,219,1,0,0.0
MSB-450,OPP_2D_10_2s_9I_10W,100,100,10,10,0,0,1,1,0.0
MSB-450,OPP_2D_10_2s_9I_20W,100,100,10,10,0,0,1,1,0.0
MSB-450,OPP_2D_10_2s_9I_2W,100,100,10,10,0,0,1,0,0.0
MSB-450,OPP_2D_10_2s_9I_30W,100,100,10,10,0,0,1,1,0.0
MSB-450,OPP_2D_10_2s_9I_40W,100,100,10,10,0,0,1,1,0.0
MSB-450,OPP_2D_10_2s_9I_4W,100,100,10,10,2529,2529,1,0,0.0
MSB-450,OPP_2D_10_2s_9I_6W,100,100,10,10,271,271,1,0,0.0
MSB-450,OPP_2D_10_2s_9I_8W,100,100,10,10,0,0,1,1,0.0
MSB-450,OPP_2D_15_2s_10I_0W,100,100,15,15,820400,820400,1,0,0.614
MSB-450,OPP_2D_15_2s_10I_10W,100,100,15,15,0,0,1,1,0.0
MSB-450,OPP_2D_15_2s_10I_20W,100,100,15,15,0,0,1,1,0.0
MSB-450,OPP_2D_15_2s_10I_2W,100,100,15,15,442956,442971,1,1,0.393
MSB-450,OPP_2D_15_2s_10I_30W,100,100,15,15,0,0,1,1,0.0
MSB-450,OPP_2D_15_2s_10I_40W,100,100,15,15,0,0,1,1,0.0
MSB-450,OPP_2D_15_2s_10I_4W,100,100,15,15,4932,4947,1,1,0.016
MSB-450,OPP_2D_15_2s_10I_6W,100,100,15,15,0,0,1,1,0.0
MSB-450,OPP_2D_15_2s_10I_8W,100,100,15,15,0,0,1,1,0.0
MSB-450,OPP_2D_15_2s_1I_0W,100,100,15,15,385,400,1,1,0.015
MSB-450,OPP_2D_15_2s_1I_10W,100,100,15,15,0,0,1,1,0.0
MSB-450,OPP_2D_15_2s_1I_20W,100,100,15,15,0,0,1,1,0.0
MSB-450,OPP_2D_15_2s_1I_2W,100,100,15,15,5287,5302,1,1,0.032
MSB-450,OPP_2D_15_2s_1I_30W,100,100,15,15,0,0,1,1,0.0
MSB-450,OPP_2D_15_2s_1I_40W,100,100,15,15,0,0,1,1,0.0
MSB-450,OPP_2D_15_2s_1I_4W,100,100,15,15,0,0,1,1,0.0
MSB-450,OPP_2D_15_2s_1I_6W,100,100,15,15,0,0,1,1,0.0
MSB-450,OPP_2D_15_2s_1I_8W,100,100,15,15,0,0,1,1,0.0
MSB-450,OPP_2D_15_2s_2I_0W,100,100,15,15,1035228,1035228,1,0,0.853
MSB-450,OPP_2D_15_2s_2I_10W,100,100,15,15,0,0,1,1,0.017
MSB-450,OPP_2D_15_2s_2I_20W,100,100,15,15,0,0,1,1,0.0
MSB-450,OPP_2D_15_2s_2I_2W,100,100,15,15,0,0,1,1,0.0
MSB-450,OPP_2D_15_2s_2I_30W,100,100,15,15,0,0,1,1,0.0
MSB-450,OPP_2D_15_2s_2I_40W,100,100,15,15,0,0,1,1,0.0
MSB-450,OPP_2D_15_2s_2I_4W,100,100,15,15,0,0,1,1,0.0
MSB-450,OPP_2D_15_2s_2I_6W,100,100,15,15,0,0,1,1,0.0
MSB-450,OPP_2D_15_2s_2I_8W,100,100,15,15,0,0,1,1,0.0
MSB-450,OPP_2D_15_2s_3I_0W,100,100,15,15,35478,35478,1,0,0.047
MSB-450,OPP_2D_15_2s_3I_10W,100,100,15,15,0,0,1,1,0.0
MSB-450,OPP_2D_15_2s_3I_20W,100,100,15,15,0,0,1,1,0.0
MSB-450,OPP_2D_15_2s_3I_2W,100,100,15,15,0,0,1,1,0.0
MSB-450,OPP_2D_15_2s_3I_30W,100,100,15,15,0,0,1,1,0.0
MSB-450,OPP_2D_15_2s_3I_40W,100,100,15,15,0,0,1,1,0.0
MSB-450,OPP_2D_15_2s_3I_4W,100,100,15,15,0,0,1,1,0.0
MSB-450,OPP_2D_15_2s_3I_6W,100,100,15,15,0,0,1,1,0.0
MSB-450,OPP_2D_15_2s_3I_8W,100,100,15,15,0,0,1,1,0.0
MSB-450,OPP_2D_15_2s_4I_0W,100,100,15,15,26065,26065,1,0,0.047
MSB-450,OPP_2D_15_2s_4I_10W,100,100,15,15,0,0,1,1,0.0
MSB-450,OPP_2D_15_2s_4I_20W,100,100,15,15,0,0,1,1,0.0
MSB-450,OPP_2D_15_2s_4I_2W,100,100,15,15,0,0,1,1,0.0
MSB-450,OPP_2D_15_2s_4I_30W,100,100,15,15,0,0,1,1,0.0
MSB-450,OPP_2D_15_2s_4I_40W,100,100,15,15,0,0,1,1,0.0
MSB-450,OPP_2D_15_2s_4I_4W,100,100,15,15,0,0,1,1,0.0
MSB-450,OPP_2D_15_2s_4I_6W,100,100,15,15,0,0,1,1,0.0
MSB-450,OPP_2D_15_2s_4I_8W,100,100,15,15,0,0,1,1,0.0
MSB-450,OPP_2D_15_2s_5I_0W,100,100,15,15,246949,246964,1,1,0.158
MSB-450,OPP_2D_15_2s_5I_10W,100,100,15,15,0,0,1,1,0.0
MSB-450,OPP_2D_15_2s_5I_20W,100,100,15,15,0,0,1,1,0.0
MSB-450,OPP_2D_15_2s_5I_2W,100,100,15,15,0,0,1,1,0.0
MSB-450,OPP_2D_15_2s_5I_30W,100,100,15,15,0,0,1,1,0.0
MSB-450,OPP_2D_15_2s_5I_40W,100,100,15,15,0,0,1,1,0.0
MSB-450,OPP_2D_15_2s_5I_4W,100,100,15,15,0,0,1,1,0.0
MSB-450,OPP_2D_15_2s_5I_6W,100,100,15,15,0,0,1,1,0.0
MSB-450,OPP_2D_15_2s_5I_8W,100,100,15,15,0,0,1,1,0.0
MSB-450,OPP_2D_15_2s_6I_0W,100,100,15,15,2512005,2512005,1,0,1.704
MSB-450,OPP_2D_15_2s_6I_10W,100,100,15,15,0,0,1,1,0.0
MSB-450,OPP_2D_15_2s_6I_20W,100,100,15,15,0,0,1,1,0.0
MSB-450,OPP_2D_15_2s_6I_2W,100,100,15,15,2906,2921,1,1,0.016
MSB-450,OPP_2D_15_2s_6I_30W,100,100,15,15,0,0,1,1,0.0
MSB-450,OPP_2D_15_2s_6I_40W,100,100,15,15,0,0,1,1,0.0
MSB-450,OPP_2D_15_2s_6I_4W,100,100,15,15,16,31,1,1,0.016
MSB-450,OPP_2D_15_2s_6I_6W,100,100,15,15,0,0,1,1,0.0
MSB-450,OPP_2D_15_2s_6I_8W,100,100,15,15,0,0,1,1,0.0
MSB-450,OPP_2D_15_2s_7I_0W,100,100,15,15,4228671,4228671,1,0,5.258
MSB-450,OPP_2D_15_2s_7I_10W,100,100,15,15,0,0,1,1,0.0
MSB-450,OPP_2D_15_2s_7I_20W,100,100,15,15,0,0,1,1,0.0
MSB-450,OPP_2D_15_2s_7I_2W,100,100,15,15,25004,25004,1,0,0.047
MSB-450,OPP_2D_15_2s_7I_30W,100,100,15,15,0,0,1,1,0.0
MSB-450,OPP_2D_15_2s_7I_40W,100,100,15,15,0,0,1,1,0.0
MSB-450,OPP_2D_15_2s_7I_4W,100,100,15,15,0,0,1,1,0.0
MSB-450,OPP_2D_15_2s_7I_6W,100,100,15,15,0,0,1,1,0.0
MSB-450,OPP_2D_15_2s_7I_8W,100,100,15,15,0,0,1,1,0.0
MSB-450,OPP_2D_15_2s_8I_0W,100,100,15,15,465578,465578,1,0,0.412
MSB-450,OPP_2D_15_2s_8I_10W,100,100,15,15,0,0,1,1,0.0
MSB-450,OPP_2D_15_2s_8I_20W,100,100,15,15,0,0,1,1,0.0
MSB-450,OPP_2D_15_2s_8I_2W,100,100,15,15,0,0,1,1,0.0
MSB-450,OPP_2D_15_2s_8I_30W,100,100,15,15,0,0,1,1,0.0
MSB-450,OPP_2D_15_2s_8I_40W,100,100,15,15,0,0,1,1,0.0
MSB-450,OPP_2D_15_2s_8I_4W,100,100,15,15,0,0,1,1,0.0
MSB-450,OPP_2D_15_2s_8I_6W,100,100,15,15,0,0,1,1,0.0
MSB-450,OPP_2D_15_2s_8I_8W,100,100,15,15,0,0,1,1,0.0
MSB-450,OPP_2D_15_2s_9I_0W,100,100,15,15,4035,4050,1,1,0.047
MSB-450,OPP_2D_15_2s_9I_10W,100,100,15,15,0,0,1,1,0.0
MSB-450,OPP_2D_15_2s_9I_20W,100,100,15,15,0,0,1,1,0.0
MSB-450,OPP_2D_15_2s_9I_2W,100,100,15,15,0,0,1,1,0.0
MSB-450,OPP_2D_15_2s_9I_30W,100,100,15,15,0,0,1,1,0.0
MSB-450,OPP_2D_15_2s_9I_40W,100,100,15,15,0,0,1,1,0.0
MSB-450,OPP_2D_15_2s_9I_4W,100,100,15,15,158457,158457,1,0,0.315
MSB-450,OPP_2D_15_2s_9I_6W,100,100,15,15,0,0,1,1,0.0
MSB-450,OPP_2D_15_2s_9I_8W,100,100,15,15,0,0,1,1,0.0
MSB-450,OPP_2D_20_2s_10I_0W,100,100,20,20,227,247,1,1,0.015
MSB-450,OPP_2D_20_2s_10I_10W,100,100,20,20,0,0,1,1,0.0
MSB-450,OPP_2D_20_2s_10I_20W,100,100,20,20,0,0,1,1,0.0
MSB-450,OPP_2D_20_2s_10I_2W,100,100,20,20,0,0,1,1,0.0
MSB-450,OPP_2D_20_2s_10I_30W,100,100,20,20,0,0,1,1,0.0
MSB-450,OPP_2D_20_2s_10I_40W,100,100,20,20,0,0,1,1,0.0
MSB-450,OPP_2D_20_2s_10I_4W,100,100,20,20,0,0,1,1,0.0
MSB-450,OPP_2D_20_2s_10I_6W,100,100,20,20,0,0,1,1,0.0
MSB-450,OPP_2D_20_2s_10I_8W,100,100,20,20,0,0,1,1,0.016
MSB-450,OPP_2D_20_2s_1I_0W,100,100,20,20,0,0,1,1,0.015
MSB-450,OPP_2D_20_2s_1I_10W,100,100,20,20,0,0,1,1,0.0
MSB-450,OPP_2D_20_2s_1I_20W,100,100,20,20,0,0,1,1,0.0
MSB-450,OPP_2D_20_2s_1I_2W,100,100,20,20,0,0,1,1,0.0
MSB-450,OPP_2D_20_2s_1I_30W,100,100,20,20,0,0,1,1,0.0
MSB-450,OPP_2D_20_2s_1I_40W,100,100,20,20,0,0,1,1,0.0
MSB-450,OPP_2D_20_2s_1I_4W,100,100,20,20,0,0,1,1,0.0
MSB-450,OPP_2D_20_2s_1I_6W,100,100,20,20,0,0,1,1,0.0
MSB-450,OPP_2D_20_2s_1I_8W,100,100,20,20,0,0,1,1,0.0
MSB-450,OPP_2D_20_2s_2I_0W,100,100,20,20,0,0,1,1,0.0
MSB-450,OPP_2D_20_2s_2I_10W,100,100,20,20,0,0,1,1,0.0
MSB-450,OPP_2D_20_2s_2I_20W,100,100,20,20,0,0,1,1,0.0
MSB-450,OPP_2D_20_2s_2I_2W,100,100,20,20,0,0,1,1,0.0
MSB-450,OPP_2D_20_2s_2I_30W,100,100,20,20,0,0,1,1,0.0
MSB-450,OPP_2D_20_2s_2I_40W,100,100,20,20,0,0,1,1,0.0
MSB-450,OPP_2D_20_2s_2I_4W,100,100,20,20,0,0,1,1,0.0
MSB-450,OPP_2D_20_2s_2I_6W,100,100,20,20,0,0,1,1,0.016
MSB-450,OPP_2D_20_2s_2I_8W,100,100,20,20,0,0,1,1,0.0
MSB-450,OPP_2D_20_2s_3I_0W,100,100,20,20,1279520,1279540,1,1,2.258
MSB-450,OPP_2D_20_2s_3I_10W,100,100,20,20,0,0,1,1,0.0
MSB-450,OPP_2D_20_2s_3I_20W,100,100,20,20,0,0,1,1,0.0
MSB-450,OPP_2D_20_2s_3I_2W,100,100,20,20,0,0,1,1,0.0
MSB-450,OPP_2D_20_2s_3I_30W,100,100,20,20,0,0,1,1,0.0
MSB-450,OPP_2D_20_2s_3I_40W,100,100,20,20,0,0,1,1,0.0
MSB-450,OPP_2D_20_2s_3I_4W,100,100,20,20,0,0,1,1,0.0
MSB-450,OPP_2D_20_2s_3I_6W,100,100,20,20,0,0,1,1,0.0
MSB-450,OPP_2D_20_2s_3I_8W,100,100,20,20,0,0,1,1,0.0
MSB-450,OPP_2D_20_2s_4I_0W,100,100,20,20,0,0,1,1,0.016
MSB-450,OPP_2D_20_2s_4I_10W,100,100,20,20,0,0,1,1,0.0
MSB-450,OPP_2D_20_2s_4I_20W,100,100,20,20,0,0,1,1,0.0
MSB-450,OPP_2D_20_2s_4I_2W,100,100,20,20,0,0,1,1,0.0
MSB-450,OPP_2D_20_2s_4I_30W,100,100,20,20,0,0,1,1,0.0
MSB-450,OPP_2D_20_2s_4I_40W,100,100,20,20,0,0,1,1,0.0
MSB-450,OPP_2D_20_2s_4I_4W,100,100,20,20,0,0,1,1,0.0
MSB-450,OPP_2D_20_2s_4I_6W,100,100,20,20,0,0,1,1,0.0
MSB-450,OPP_2D_20_2s_4I_8W,100,100,20,20,0,0,1,1,0.0
MSB-450,OPP_2D_20_2s_5I_0W,100,100,20,20,242,262,1,1,0.031
MSB-450,OPP_2D_20_2s_5I_10W,100,100,20,20,0,0,1,1,0.0
MSB-450,OPP_2D_20_2s_5I_20W,100,100,20,20,0,0,1,1,0.0
MSB-450,OPP_2D_20_2s_5I_2W,100,100,20,20,0,0,1,1,0.0
MSB-450,OPP_2D_20_2s_5I_30W,100,100,20,20,0,0,1,1,0.0
MSB-450,OPP_2D_20_2s_5I_40W,100,100,20,20,0,0,1,1,0.0
MSB-450,OPP_2D_20_2s_5I_4W,100,100,20,20,0,0,1,1,0.0
MSB-450,OPP_2D_20_2s_5I_6W,100,100,20,20,0,0,1,1,0.0
MSB-450,OPP_2D_20_2s_5I_8W,100,100,20,20,0,0,1,1,0.0
MSB-450,OPP_2D_20_2s_6I_0W,100,100,20,20,1189223,1189243,1,1,1.637
MSB-450,OPP_2D_20_2s_6I_10W,100,100,20,20,0,0,1,1,0.0
MSB-450,OPP_2D_20_2s_6I_20W,100,100,20,20,0,0,1,1,0.016
MSB-450,OPP_2D_20_2s_6I_2W,100,100,20,20,0,0,1,1,0.0
MSB-450,OPP_2D_20_2s_6I_30W,100,100,20,20,0,0,1,1,0.0
MSB-450,OPP_2D_20_2s_6I_40W,100,100,20,20,0,0,1,1,0.0
MSB-450,OPP_2D_20_2s_6I_4W,100,100,20,20,0,0,1,1,0.0
MSB-450,OPP_2D_20_2s_6I_6W,100,100,20,20,0,0,1,1,0.0
MSB-450,OPP_2D_20_2s_6I_8W,100,100,20,20,0,0,1,1,0.0
MSB-450,OPP_2D_20_2s_7I_0W,100,100,20,20,139019376,139019395,0,0,1200.003
MSB-450,OPP_2D_20_2s_7I_10W,100,100,20,20,0,0,1,1,0.0
MSB-450,OPP_2D_20_2s_7I_20W,100,100,20,20,0,0,1,1,0.0
MSB-450,OPP_2D_20_2s_7I_2W,100,100,20,20,0,0,1,1,0.016
MSB-450,OPP_2D_20_2s_7I_30W,100,100,20,20,0,0,1,1,0.0
MSB-450,OPP_2D_20_2s_7I_40W,100,100,20,20,0,0,1,1,0.0
MSB-450,OPP_2D_20_2s_7I_4W,100,100,20,20,0,0,1,1,0.0
MSB-450,OPP_2D_20_2s_7I_6W,100,100,20,20,0,0,1,1,0.0
MSB-450,OPP_2D_20_2s_7I_8W,100,100,20,20,0,0,1,1,0.0
MSB-450,OPP_2D_20_2s_8I_0W,100,100,20,20,282007,282027,1,1,1.572
MSB-450,OPP_2D_20_2s_8I_10W,100,100,20,20,0,0,1,1,0.0
MSB-450,OPP_2D_20_2s_8I_20W,100,100,20,20,0,0,1,1,0.0
MSB-450,OPP_2D_20_2s_8I_2W,100,100,20,20,0,0,1,1,0.0
MSB-450,OPP_2D_20_2s_8I_30W,100,100,20,20,0,0,1,1,0.0
MSB-450,OPP_2D_20_2s_8I_40W,100,100,20,20,0,0,1,1,0.0
MSB-450,OPP_2D_20_2s_8I_4W,100,100,20,20,0,0,1,1,0.0
MSB-450,OPP_2D_20_2s_8I_6W,100,100,20,20,0,0,1,1,0.0
MSB-450,OPP_2D_20_2s_8I_8W,100,100,20,20,0,0,1,1,0.0
MSB-450,OPP_2D_20_2s_9I_0W,100,100,20,20,341318432,341318452,1,1,149.293
MSB-450,OPP_2D_20_2s_9I_10W,100,100,20,20,0,0,1,1,0.0
MSB-450,OPP_2D_20_2s_9I_20W,100,100,20,20,0,0,1,1,0.0
MSB-450,OPP_2D_20_2s_9I_2W,100,100,20,20,0,0,1,1,0.0
MSB-450,OPP_2D_20_2s_9I_30W,100,100,20,20,0,0,1,1,0.0
MSB-450,OPP_2D_20_2s_9I_40W,100,100,20,20,0,0,1,1,0.0
MSB-450,OPP_2D_20_2s_9I_4W,100,100,20,20,0,0,1,1,0.0
MSB-450,OPP_2D_20_2s_9I_6W,100,100,20,20,0,0,1,1,0.0
MSB-450,OPP_2D_20_2s_9I_8W,100,100,20,20,0,0,1,1,0.0
MSB-450,OPP_2D_25_2s_10I_0W,100,100,25,25,0,0,1,1,0.0
MSB-450,OPP_2D_25_2s_10I_10W,100,100,25,25,0,0,1,1,0.0
MSB-450,OPP_2D_25_2s_10I_20W,100,100,25,25,0,0,1,1,0.0
MSB-450,OPP_2D_25_2s_10I_2W,100,100,25,25,0,0,1,1,0.0
MSB-450,OPP_2D_25_2s_10I_30W,100,100,25,25,0,0,1,1,0.0
MSB-450,OPP_2D_25_2s_10I_40W,100,100,25,25,0,0,1,1,0.0
MSB-450,OPP_2D_25_2s_10I_4W,100,100,25,25,0,0,1,1,0.0
MSB-450,OPP_2D_25_2s_10I_6W,100,100,25,25,0,0,1,1,0.0
MSB-450,OPP_2D_25_2s_10I_8W,100,100,25,25,0,0,1,1,0.0
MSB-450,OPP_2D_25_2s_1I_0W,100,100,25,25,0,0,1,1,0.0
MSB-450,OPP_2D_25_2s_1I_10W,100,100,25,25,0,0,1,1,0.0
MSB-450,OPP_2D_25_2s_1I_20W,100,100,25,25,0,0,1,1,0.016
MSB-450,OPP_2D_25_2s_1I_2W,100,100,25,25,0,0,1,1,0.0
MSB-450,OPP_2D_25_2s_1I_30W,100,100,25,25,0,0,1,1,0.0
MSB-450,OPP_2D_25_2s_1I_40W,100,100,25,25,0,0,1,1,0.0
MSB-450,OPP_2D_25_2s_1I_4W,100,100,25,25,0,0,1,1,0.0
MSB-450,OPP_2D_25_2s_1I_6W,100,100,25,25,0,0,1,1,0.0
MSB-450,OPP_2D_25_2s_1I_8W,100,100,25,25,0,0,1,1,0.0
MSB-450,OPP_2D_25_2s_2I_0W,100,100,25,25,0,0,1,1,0.0
MSB-450,OPP_2D_25_2s_2I_10W,100,100,25,25,0,0,1,1,0.0
MSB-450,OPP_2D_25_2s_2I_20W,100,100,25,25,0,0,1,1,0.0
MSB-450,OPP_2D_25_2s_2I_2W,100,100,25,25,0,0,1,1,0.0
MSB-450,OPP_2D_25_2s_2I_30W,100,100,25,25,0,0,1,1,0.0
MSB-450,OPP_2D_25_2s_2I_40W,100,100,25,25,0,0,1,1,0.0
MSB-450,OPP_2D_25_2s_2I_4W,100,100,25,25,0,0,1,1,0.0
MSB-450,OPP_2D_25_2s_2I_6W,100,100,25,25,0,0,1,1,0.0
MSB-450,OPP_2D_25_2s_2I_8W,100,100,25,25,0,0,1,1,0.0
MSB-450,OPP_2D_25_2s_3I_0W,100,100,25,25,0,0,1,1,0.0
MSB-450,OPP_2D_25_2s_3I_10W,100,100,25,25,0,0,1,1,0.0
MSB-450,OPP_2D_25_2s_3I_20W,100,100,25,25,0,0,1,1,0.0
MSB-450,OPP_2D_25_2s_3I_2W,100,100,25,25,0,0,1,1,0.0
MSB-450,OPP_2D_25_2s_3I_30W,100,100,25,25,0,0,1,1,0.0
MSB-450,OPP_2D_25_2s_3I_40W,100,100,25,25,0,0,1,1,0.0
MSB-450,OPP_2D_25_2s_3I_4W,100,100,25,25,0,0,1,1,0.0
MSB-450,OPP_2D_25_2s_3I_6W,100,100,25,25,0,0,1,1,0.0
MSB-450,OPP_2D_25_2s_3I_8W,100,100,25,25,0,0,1,1,0.0
MSB-450,OPP_2D_25_2s_4I_0W,100,100,25,25,0,0,1,1,0.0
MSB-450,OPP_2D_25_2s_4I_10W,100,100,25,25,0,0,1,1,0.0
MSB-450,OPP_2D_25_2s_4I_20W,100,100,25,25,0,0,1,1,0.0
MSB-450,OPP_2D_25_2s_4I_2W,100,100,25,25,0,0,1,1,0.0
MSB-450,OPP_2D_25_2s_4I_30W,100,100,25,25,0,0,1,1,0.0
MSB-450,OPP_2D_25_2s_4I_40W,100,100,25,25,0,0,1,1,0.0
MSB-450,OPP_2D_25_2s_4I_4W,100,100,25,25,0,0,1,1,0.0
MSB-450,OPP_2D_25_2s_4I_6W,100,100,25,25,0,0,1,1,0.0
MSB-450,OPP_2D_25_2s_4I_8W,100,100,25,25,0,0,1,1,0.0
MSB-450,OPP_2D_25_2s_5I_0W,100,100,25,25,0,0,1,1,0.0
MSB-450,OPP_2D_25_2s_5I_10W,100,100,25,25,0,0,1,1,0.0
MSB-450,OPP_2D_25_2s_5I_20W,100,100,25,25,0,0,1,1,0.0
MSB-450,OPP_2D_25_2s_5I_2W,100,100,25,25,0,0,1,1,0.0
MSB-450,OPP_2D_25_2s_5I_30W,100,100,25,25,0,0,1,1,0.0
MSB-450,OPP_2D_25_2s_5I_40W,100,100,25,25,0,0,1,1,0.0
MSB-450,OPP_2D_25_2s_5I_4W,100,100,25,25,0,0,1,1,0.0
MSB-450,OPP_2D_25_2s_5I_6W,100,100,25,25,0,0,1,1,0.0
MSB-450,OPP_2D_25_2s_5I_8W,100,100,25,25,0,0,1,1,0.0
MSB-450,OPP_2D_25_2s_6I_0W,100,100,25,25,10607047,10607071,0,0,1200.015
MSB-450,OPP_2D_25_2s_6I_10W,100,100,25,25,0,0,1,1,0.0
MSB-450,OPP_2D_25_2s_6I_20W,100,100,25,25,0,0,1,1,0.0
MSB-450,OPP_2D_25_2s_6I_2W,100,100,25,25,0,0,1,1,0.0
MSB-450,OPP_2D_25_2s_6I_30W,100,100,25,25,0,0,1,1,0.0
MSB-450,OPP_2D_25_2s_6I_40W,100,100,25,25,0,0,1,1,0.0
MSB-450,OPP_2D_25_2s_6I_4W,100,100,25,25,0,0,1,1,0.0
MSB-450,OPP_2D_25_2s_6I_6W,100,100,25,25,0,0,1,1,0.0
MSB-450,OPP_2D_25_2s_6I_8W,100,100,25,25,0,0,1,1,0.0
MSB-450,OPP_2D_25_2s_7I_0W,100,100,25,25,0,0,1,1,0.016
MSB-450,OPP_2D_25_2s_7I_10W,100,100,25,25,0,0,1,1,0.0
MSB-450,OPP_2D_25_2s_7I_20W,100,100,25,25,0,0,1,1,0.0
MSB-450,OPP_2D_25_2s_7I_2W,100,100,25,25,0,0,1,1,0.0
MSB-450,OPP_2D_25_2s_7I_30W,100,100,25,25,0,0,1,1,0.0
MSB-450,OPP_2D_25_2s_7I_40W,100,100,25,25,0,0,1,1,0.0
MSB-450,OPP_2D_25_2s_7I_4W,100,100,25,25,0,0,1,1,0.0
MSB-450,OPP_2D_25_2s_7I_6W,100,100,25,25,0,0,1,1,0.0
MSB-450,OPP_2D_25_2s_7I_8W,100,100,25,25,0,0,1,1,0.0
MSB-450,OPP_2D_25_2s_8I_0W,100,100,25,25,0,0,1,1,0.016
MSB-450,OPP_2D_25_2s_8I_10W,100,100,25,25,0,0,1,1,0.0
MSB-450,OPP_2D_25_2s_8I_20W,100,100,25,25,0,0,1,1,0.0
MSB-450,OPP_2D_25_2s_8I_2W,100,100,25,25,0,0,1,1,0.0
MSB-450,OPP_2D_25_2s_8I_30W,100,100,25,25,0,0,1,1,0.0
MSB-450,OPP_2D_25_2s_8I_40W,100,100,25,25,0,0,1,1,0.0
MSB-450,OPP_2D_25_2s_8I_4W,100,100,25,25,0,0,1,1,0.0
MSB-450,OPP_2D_25_2s_8I_6W,100,100,25,25,0,0,1,1,0.0
MSB-450,OPP_2D_25_2s_8I_8W,100,100,25,25,0,0,1,1,0.0
MSB-450,OPP_2D_25_2s_9I_0W,100,100,25,25,0,0,1,1,0.0
MSB-450,OPP_2D_25_2s_9I_10W,100,100,25,25,0,0,1,1,0.0
MSB-450,OPP_2D_25_2s_9I_20W,100,100,25,25,0,0,1,1,0.0
MSB-450,OPP_2D_25_2s_9I_2W,100,100,25,25,0,0,1,1,0.0
MSB-450,OPP_2D_25_2s_9I_30W,100,100,25,25,0,0,1,1,0.0
MSB-450,OPP_2D_25_2s_9I_40W,100,100,25,25,0,0,1,1,0.0
MSB-450,OPP_2D_25_2s_9I_4W,100,100,25,25,0,0,1,1,0.0
MSB-450,OPP_2D_25_2s_9I_6W,100,100,25,25,0,0,1,1,0.0
MSB-450,OPP_2D_25_2s_9I_8W,100,100,25,25,0,0,1,1,0.0
MSB-450,OPP_2D_30_2s_10I_0W,100,100,30,30,0,0,1,1,0.0
MSB-450,OPP_2D_30_2s_10I_10W,100,100,30,30,0,0,1,1,0.0
MSB-450,OPP_2D_30_2s_10I_20W,100,100,30,30,0,0,1,1,0.0
MSB-450,OPP_2D_30_2s_10I_2W,100,100,30,30,0,0,1,1,0.0
MSB-450,OPP_2D_30_2s_10I_30W,100,100,30,30,0,0,1,1,0.0
MSB-450,OPP_2D_30_2s_10I_40W,100,100,30,30,0,0,1,1,0.0
MSB-450,OPP_2D_30_2s_10I_4W,100,100,30,30,0,0,1,1,0.0
MSB-450,OPP_2D_30_2s_10I_6W,100,100,30,30,0,0,1,1,0.0
MSB-450,OPP_2D_30_2s_10I_8W,100,100,30,30,0,0,1,1,0.0
MSB-450,OPP_2D_30_2s_1I_0W,100,100,30,30,0,0,1,1,0.0
MSB-450,OPP_2D_30_2s_1I_10W,100,100,30,30,0,0,1,1,0.0
MSB-450,OPP_2D_30_2s_1I_20W,100,100,30,30,0,0,1,1,0.0
MSB-450,OPP_2D_30_2s_1I_2W,100,100,30,30,0,0,1,1,0.0
MSB-450,OPP_2D_30_2s_1I_30W,100,100,30,30,0,0,1,1,0.0
MSB-450,OPP_2D_30_2s_1I_40W,100,100,30,30,0,0,1,1,0.0
MSB-450,OPP_2D_30_2s_1I_4W,100,100,30,30,0,0,1,1,0.0
MSB-450,OPP_2D_30_2s_1I_6W,100,100,30,30,0,0,1,1,0.0
MSB-450,OPP_2D_30_2s_1I_8W,100,100,30,30,0,0,1,1,0.0
MSB-450,OPP_2D_30_2s_2I_0W,100,100,30,30,0,0,1,1,0.0
MSB-450,OPP_2D_30_2s_2I_10W,100,100,30,30,0,0,1,1,0.0
MSB-450,OPP_2D_30_2s_2I_20W,100,100,30,30,0,0,1,1,0.0
MSB-450,OPP_2D_30_2s_2I_2W,100,100,30,30,0,0,1,1,0.0
MSB-450,OPP_2D_30_2s_2I_30W,100,100,30,30,0,0,1,1,0.0
MSB-450,OPP_2D_30_2s_2I_40W,100,100,30,30,0,0,1,1,0.0
MSB-450,OPP_2D_30_2s_2I_4W,100,100,30,30,0,0,1,1,0.0
MSB-450,OPP_2D_30_2s_2I_6W,100,100,30,30,0,0,1,1,0.0
MSB-450,OPP_2D_30_2s_2I_8W,100,100,30,30,0,0,1,1,0.0
MSB-450,OPP_2D_30_2s_3I_0W,100,100,30,30,0,0,1,1,0.0
MSB-450,OPP_2D_30_2s_3I_10W,100,100,30,30,0,0,1,1,0.0
MSB-450,OPP_2D_30_2s_3I_20W,100,100,30,30,0,0,1,1,0.0
MSB-450,OPP_2D_30_2s_3I_2W,100,100,30,30,0,0,1,1,0.0
MSB-450,OPP_2D_30_2s_3I_30W,100,100,30,30,0,0,1,1,0.0
MSB-450,OPP_2D_30_2s_3I_40W,100,100,30,30,0,0,1,1,0.0
MSB-450,OPP_2D_30_2s_3I_4W,100,100,30,30,0,0,1,1,0.0
MSB-450,OPP_2D_30_2s_3I_6W,100,100,30,30,0,0,1,1,0.0
MSB-450,OPP_2D_30_2s_3I_8W,100,100,30,30,0,0,1,1,0.0
MSB-450,OPP_2D_30_2s_4I_0W,100,100,30,30,0,0,1,1,0.016
MSB-450,OPP_2D_30_2s_4I_10W,100,100,30,30,0,0,1,1,0.0
MSB-450,OPP_2D_30_2s_4I_20W,100,100,30,30,0,0,1,1,0.0
MSB-450,OPP_2D_30_2s_4I_2W,100,100,30,30,0,0,1,1,0.0
MSB-450,OPP_2D_30_2s_4I_30W,100,100,30,30,0,0,1,1,0.0
MSB-450,OPP_2D_30_2s_4I_40W,100,100,30,30,0,0,1,1,0.016
MSB-450,OPP_2D_30_2s_4I_4W,100,100,30,30,0,0,1,1,0.0
MSB-450,OPP_2D_30_2s_4I_6W,100,100,30,30,0,0,1,1,0.0
MSB-450,OPP_2D_30_2s_4I_8W,100,100,30,30,0,0,1,1,0.0
MSB-450,OPP_2D_30_2s_5I_0W,100,100,30,30,0,0,1,1,0.0
MSB-450,OPP_2D_30_2s_5I_10W,100,100,30,30,0,0,1,1,0.0
MSB-450,OPP_2D_30_2s_5I_20W,100,100,30,30,0,0,1,1,0.0
MSB-450,OPP_2D_30_2s_5I_2W,100,100,30,30,0,0,1,1,0.0
MSB-450,OPP_2D_30_2s_5I_30W,100,100,30,30,0,0,1,1,0.0
MSB-450,OPP_2D_30_2s_5I_40W,100,100,30,30,0,0,1,1,0.0
MSB-450,OPP_2D_30_2s_5I_4W,100,100,30,30,0,0,1,1,0.0
MSB-450,OPP_2D_30_2s_5I_6W,100,100,30,30,0,0,1,1,0.0
MSB-450,OPP_2D_30_2s_5I_8W,100,100,30,30,0,0,1,1,0.0
MSB-450,OPP_2D_30_2s_6I_0W,100,100,30,30,0,0,1,1,0.0
MSB-450,OPP_2D_30_2s_6I_10W,100,100,30,30,0,0,1,1,0.0
MSB-450,OPP_2D_30_2s_6I_20W,100,100,30,30,0,0,1,1,0.0
MSB-450,OPP_2D_30_2s_6I_2W,100,100,30,30,0,0,1,1,0.0
MSB-450,OPP_2D_30_2s_6I_30W,100,100,30,30,0,0,1,1,0.0
MSB-450,OPP_2D_30_2s_6I_40W,100,100,30,30,0,0,1,1,0.0
MSB-450,OPP_2D_30_2s_6I_4W,100,100,30,30,0,0,1,1,0.0
MSB-450,OPP_2D_30_2s_6I_6W,100,100,30,30,0,0,1,1,0.0
MSB-450,OPP_2D_30_2s_6I_8W,100,100,30,30,0,0,1,1,0.0
MSB-450,OPP_2D_30_2s_7I_0W,100,100,30,30,0,0,1,1,0.0
MSB-450,OPP_2D_30_2s_7I_10W,100,100,30,30,0,0,1,1,0.0
MSB-450,OPP_2D_30_2s_7I_20W,100,100,30,30,0,0,1,1,0.0
MSB-450,OPP_2D_30_2s_7I_2W,100,100,30,30,0,0,1,1,0.0
MSB-450,OPP_2D_30_2s_7I_30W,100,100,30,30,0,0,1,1,0.0
MSB-450,OPP_2D_30_2s_7I_40W,100,100,30,30,0,0,1,1,0.0
MSB-450,OPP_2D_30_2s_7I_4W,100,100,30,30,0,0,1,1,0.016
MSB-450,OPP_2D_30_2s_7I_6W,100,100,30,30,0,0,1,1,0.0
MSB-450,OPP_2D_30_2s_7I_8W,100,100,30,30,0,0,1,1,0.0
MSB-450,OPP_2D_30_2s_8I_0W,100,100,30,30,0,0,1,1,0.0
MSB-450,OPP_2D_30_2s_8I_10W,100,100,30,30,0,0,1,1,0.0
MSB-450,OPP_2D_30_2s_8I_20W,100,100,30,30,0,0,1,1,0.0
MSB-450,OPP_2D_30_2s_8I_2W,100,100,30,30,0,0,1,1,0.0
MSB-450,OPP_2D_30_2s_8I_30W,100,100,30,30,0,0,1,1,0.0
MSB-450,OPP_2D_30_2s_8I_40W,100,100,30,30,0,0,1,1,0.0
MSB-450,OPP_2D_30_2s_8I_4W,100,100,30,30,0,0,1,1,0.0
MSB-450,OPP_2D_30_2s_8I_6W,100,100,30,30,0,0,1,1,0.0
MSB-450,OPP_2D_30_2s_8I_8W,100,100,30,30,0,0,1,1,0.0
MSB-450,OPP_2D_30_2s_9I_0W,100,100,30,30,0,0,1,1,0.0
MSB-450,OPP_2D_30_2s_9I_10W,100,100,30,30,0,0,1,1,0.0
MSB-450,OPP_2D_30_2s_9I_20W,100,100,30,30,0,0,1,1,0.0
MSB-450,OPP_2D_30_2s_9I_2W,100,100,30,30,0,0,1,1,0.0
MSB-450,OPP_2D_30_2s_9I_30W,100,100,30,30,0,0,1,1,0.0
MSB-450,OPP_2D_30_2s_9I_40W,100,100,30,30,0,0,1,1,0.0
MSB-450,OPP_2D_30_2s_9I_4W,100,100,30,30,0,0,1,1,0.0
MSB-450,OPP_2D_30_2s_9I_6W,100,100,30,30,0,0,1,1,0.0
MSB-450,OPP_2D_30_2s_9I_8W,100,100,30,30,0,0,1,1,0.0
MSB-630,OPP_2D_20_1s_10I_0W,1000,1000,20,20,97148536,97148546,0,0,1200.009
MSB-630,OPP_2D_20_1s_10I_10W,1000,1000,20,20,0,0,1,1,0.0
MSB-630,OPP_2D_20_1s_10I_12W,1000,1000,20,20,0,0,1,1,0.0
MSB-630,OPP_2D_20_1s_10I_14W,1000,1000,20,20,0,0,1,1,0.0
MSB-630,OPP_2D_20_1s_10I_16W,1000,1000,20,20,0,0,1,1,0.0
MSB-630,OPP_2D_20_1s_10I_18W,1000,1000,20,20,0,0,1,1,0.0
MSB-630,OPP_2D_20_1s_10I_20W,1000,1000,20,20,0,0,1,1,0.0
MSB-630,OPP_2D_20_1s_10I_22W,1000,1000,20,20,0,0,1,1,0.0
MSB-630,OPP_2D_20_1s_10I_24W,1000,1000,20,20,0,0,1,1,0.0
MSB-630,OPP_2D_20_1s_10I_26W,1000,1000,20,20,0,0,1,1,0.016
MSB-630,OPP_2D_20_1s_10I_28W,1000,1000,20,20,0,0,1,1,0.0
MSB-630,OPP_2D_20_1s_10I_2W,1000,1000,20,20,41811520,41811532,0,0,1200.001
MSB-630,OPP_2D_20_1s_10I_30W,1000,1000,20,20,0,0,1,1,0.0
MSB-630,OPP_2D_20_1s_10I_32W,1000,1000,20,20,0,0,1,1,0.0
MSB-630,OPP_2D_20_1s_10I_34W,1000,1000,20,20,0,0,1,1,0.0
MSB-630,OPP_2D_20_1s_10I_36W,1000,1000,20,20,0,0,1,1,0.0
MSB-630,OPP_2D_20_1s_10I_38W,1000,1000,20,20,0,0,1,1,0.008
MSB-630,OPP_2D_20_1s_10I_40W,1000,1000,20,20,0,0,1,1,0.0
MSB-630,OPP_2D_20_1s_10I_4W,1000,1000,20,20,9394000,9394010,0,0,1200.005
MSB-630,OPP_2D_20_1s_10I_6W,1000,1000,20,20,0,0,1,1,0.002
MSB-630,OPP_2D_20_1s_10I_8W,1000,1000,20,20,0,0,1,1,0.006
MSB-630,OPP_2D_20_1s_1I_0W,1000,1000,20,20,67736457,67736470,0,0,1200.0
MSB-630,OPP_2D_20_1s_1I_10W,1000,1000,20,20,0,0,1,1,0.0
MSB-630,OPP_2D_20_1s_1I_12W,1000,1000,20,20,0,0,1,1,0.0
MSB-630,OPP_2D_20_1s_1I_14W,1000,1000,20,20,0,0,1,1,0.004
MSB-630,OPP_2D_20_1s_1I_16W,1000,1000,20,20,0,0,1,1,0.007
MSB-630,OPP_2D_20_1s_1I_18W,1000,1000,20,20,0,0,1,1,0.0
MSB-630,OPP_2D_20_1s_1I_20W,1000,1000,20,20,0,0,1,1,0.0
MSB-630,OPP_2D_20_1s_1I_22W,1000,1000,20,20,0,0,1,1,0.0
MSB-630,OPP_2D_20_1s_1I_24W,1000,1000,20,20,0,0,1,1,0.0
MSB-630,OPP_2D_20_1s_1I_26W,1000,1000,20,20,0,0,1,1,0.002
MSB-630,OPP_2D_20_1s_1I_28W,1000,1000,20,20,0,0,1,1,0.0
MSB-630,OPP_2D_20_1s_1I_2W,1000,1000,20,20,52583817,52583827,0,0,1200.0
MSB-630,OPP_2D_20_1s_1I_30W,1000,1000,20,20,0,0,1,1,0.0
MSB-630,OPP_2D_20_1s_1I_32W,1000,1000,20,20,0,0,1,1,0.0
MSB-630,OPP_2D_20_1s_1I_34W,1000,1000,20,20,0,0,1,1,0.0
MSB-630,OPP_2D_20_1s_1I_36W,1000,1000,20,20,0,0,1,1,0.0
MSB-630,OPP_2D_20_1s_1I_38W,1000,1000,20,20,0,0,1,1,0.0
MSB-630,OPP_2D_20_1s_1I_40W,1000,1000,20,20,0,0,1,1,0.0
MSB-630,OPP_2D_20_1s_1I_4W,1000,1000,20,20,3477992,3478012,1,1,43.917
MSB-630,OPP_2D_20_1s_1I_6W,1000,1000,20,20,0,0,1,1,0.016
MSB-630,OPP_2D_20_1s_1I_8W,1000,1000,20,20,0,0,1,1,0.0
MSB-630,OPP_2D_20_1s_2I_0W,1000,1000,20,20,136837142,136837153,0,0,1200.003
MSB-630,OPP_2D_20_1s_2I_10W,1000,1000,20,20,0,0,1,1,0.0
MSB-630,OPP_2D_20_1s_2I_12W,1000,1000,20,20,0,0,1,1,0.016
MSB-630,OPP_2D_20_1s_2I_14W,1000,1000,20,20,0,0,1,1,0.0
MSB-630,OPP_2D_20_1s_2I_16W,1000,1000,20,20,0,0,1,1,0.0
MSB-630,OPP_2D_20_1s_2I_18W,1000,1000,20,20,0,0,1,1,0.0
MSB-630,OPP_2D_20_1s_2I_20W,1000,1000,20,20,0,0,1,1,0.0
MSB-630,OPP_2D_20_1s_2I_22W,1000,1000,20,20,0,0,1,1,0.0
MSB-630,OPP_2D_20_1s_2I_24W,1000,1000,20,20,0,0,1,1,0.0
MSB-630,OPP_2D_20_1s_2I_26W,1000,1000,20,20,0,0,1,1,0.0
MSB-630,OPP_2D_20_1s_2I_28W,1000,1000,20,20,0,0,1,1,0.0
MSB-630,OPP_2D_20_1s_2I_2W,1000,1000,20,20,56334016,56334028,0,0,1200.013
MSB-630,OPP_2D_20_1s_2I_30W,1000,1000,20,20,0,0,1,1,0.0
MSB-630,OPP_2D_20_1s_2I_32W,1000,1000,20,20,0,0,1,1,0.0
MSB-630,OPP_2D_20_1s_2I_34W,1000,1000,20,20,0,0,1,1,0.0
MSB-630,OPP_2D_20_1s_2I_36W,1000,1000,20,20,0,0,1,1,0.0
MSB-630,OPP_2D_20_1s_2I_38W,1000,1000,20,20,0,0,1,1,0.0
MSB-630,OPP_2D_20_1s_2I_40W,1000,1000,20,20,0,0,1,1,0.0
MSB-630,OPP_2D_20_1s_2I_4W,1000,1000,20,20,101706894,101706904,0,0,1200.007
MSB-630,OPP_2D_20_1s_2I_6W,1000,1000,20,20,0,0,1,1,0.0
MSB-630,OPP_2D_20_1s_2I_8W,1000,1000,20,20,0,0,1,1,0.0
MSB-630,OPP_2D_20_1s_3I_0W,1000,1000,20,20,70712803,70712811,0,0,1200.0
MSB-630,OPP_2D_20_1s_3I_10W,1000,1000,20,20,0,0,1,1,0.0
MSB-630,OPP_2D_20_1s_3I_12W,1000,1000,20,20,0,0,1,1,0.0
MSB-630,OPP_2D_20_1s_3I_14W,1000,1000,20,20,0,0,1,1,0.016
MSB-630,OPP_2D_20_1s_3I_16W,1000,1000,20,20,0,0,1,1,0.0
MSB-630,OPP_2D_20_1s_3I_18W,1000,1000,20,20,0,0,1,1,0.0
MSB-630,OPP_2D_20_1s_3I_20W,1000,1000,20,20,0,0,1,1,0.0
MSB-630,OPP_2D_20_1s_3I_22W,1000,1000,20,20,0,0,1,1,0.0
MSB-630,OPP_2D_20_1s_3I_24W,1000,1000,20,20,0,0,1,1,0.0
MSB-630,OPP_2D_20_1s_3I_26W,1000,1000,20,20,0,0,1,1,0.016
MSB-630,OPP_2D_20_1s_3I_28W,1000,1000,20,20,0,0,1,1,0.0
MSB-630,OPP_2D_20_1s_3I_2W,1000,1000,20,20,37431228,37431238,0,0,1200.008
MSB-630,OPP_2D_20_1s_3I_30W,1000,1000,20,20,0,0,1,1,0.0
MSB-630,OPP_2D_20_1s_3I_32W,1000,1000,20,20,0,0,1,1,0.0
MSB-630,OPP_2D_20_1s_3I_34W,1000,1000,20,20,0,0,1,1,0.0
MSB-630,OPP_2D_20_1s_3I_36W,1000,1000,20,20,0,0,1,1,0.0
MSB-630,OPP_2D_20_1s_3I_38W,1000,1000,20,20,0,0,1,1,0.016
MSB-630,OPP_2D_20_1s_3I_40W,1000,1000,20,20,0,0,1,1,0.0
MSB-630,OPP_2D_20_1s_3I_4W,1000,1000,20,20,61998797,61998811,0,0,1200.002
MSB-630,OPP_2D_20_1s_3I_6W,1000,1000,20,20,24494862,24494881,0,0,1200.009
MSB-630,OPP_2D_20_1s_3I_8W,1000,1000,20,20,0,0,1,1,0.0
MSB-630,OPP_2D_20_1s_4I_0W,1000,1000,20,20,172344101,172344114,0,0,1200.006
MSB-630,OPP_2D_20_1s_4I_10W,1000,1000,20,20,0,0,1,1,0.0
MSB-630,OPP_2D_20_1s_4I_12W,1000,1000,20,20,0,0,1,1,0.0
MSB-630,OPP_2D_20_1s_4I_14W,1000,1000,20,20,0,0,1,1,0.0
MSB-630,OPP_2D_20_1s_4I_16W,1000,1000,20,20,0,0,1,1,0.016
MSB-630,OPP_2D_20_1s_4I_18W,1000,1000,20,20,0,0,1,1,0.0
MSB-630,OPP_2D_20_1s_4I_20W,1000,1000,20,20,0,0,1,1,0.0
MSB-630,OPP_2D_20_1s_4I_22W,1000,1000,20,20,0,0,1,1,0.0
MSB-630,OPP_2D_20_1s_4I_24W,1000,1000,20,20,0,0,1,1,0.0
MSB-630,OPP_2D_20_1s_4I_26W,1000,1000,20,20,0,0,1,1,0.016
MSB-630,OPP_2D_20_1s_4I_28W,1000,1000,20,20,0,0,1,1,0.0
MSB-630,OPP_2D_20_1s_4I_2W,1000,1000,20,20,69619278,69619286,0,0,1200.005
MSB-630,OPP_2D_20_1s_4I_30W,1000,1000,20,20,0,0,1,1,0.0
MSB-630,OPP_2D_20_1s_4I_32W,1000,1000,20,20,0,0,1,1,0.0
MSB-630,OPP_2D_20_1s_4I_34W,1000,1000,20,20,0,0,1,1,0.0
MSB-630,OPP_2D_20_1s_4I_36W,1000,1000,20,20,0,0,1,1,0.0
MSB-630,OPP_2D_20_1s_4I_38W,1000,1000,20,20,0,0,1,1,0.0
MSB-630,OPP_2D_20_1s_4I_40W,1000,1000,20,20,0,0,1,1,0.0
MSB-630,OPP_2D_20_1s_4I_4W,1000,1000,20,20,112342472,112342488,0,0,1200.01
MSB-630,OPP_2D_20_1s_4I_6W,1000,1000,20,20,0,0,1,1,0.0
MSB-630,OPP_2D_20_1s_4I_8W,1000,1000,20,20,0,0,1,1,0.0
MSB-630,OPP_2D_20_1s_5I_0W,1000,1000,20,20,54977861,54977873,0,0,1200.003
MSB-630,OPP_2D_20_1s_5I_10W,1000,1000,20,20,0,0,1,1,0.0
MSB-630,OPP_2D_20_1s_5I_12W,1000,1000,20,20,0,0,1,1,0.0
MSB-630,OPP_2D_20_1s_5I_14W,1000,1000,20,20,0,0,1,1,0.0
MSB-630,OPP_2D_20_1s_5I_16W,1000,1000,20,20,0,0,1,1,0.016
MSB-630,OPP_2D_20_1s_5I_18W,1000,1000,20,20,0,0,1,1,0.0
MSB-630,OPP_2D_20_1s_5I_20W,1000,1000,20,20,0,0,1,1,0.0
MSB-630,OPP_2D_20_1s_5I_22W,1000,1000,20,20,0,0,1,1,0.0
MSB-630,OPP_2D_20_1s_5I_24W,1000,1000,20,20,0,0,1,1,0.0
MSB-630,OPP_2D_20_1s_5I_26W,1000,1000,20,20,0,0,1,1,0.016
MSB-630,OPP_2D_20_1s_5I_28W,1000,1000,20,20,0,0,1,1,0.0
MSB-630,OPP_2D_20_1s_5I_2W,1000,1000,20,20,65237370,65237381,0,0,1200.007
MSB-630,OPP_2D_20_1s_5I_30W,1000,1000,20,20,0,0,1,1,0.0
MSB-630,OPP_2D_20_1s_5I_32W,1000,1000,20,20,0,0,1,1,0.0
MSB-630,OPP_2D_20_1s_5I_34W,1000,1000,20,20,0,0,1,1,0.016
MSB-630,OPP_2D_20_1s_5I_36W,1000,1000,20,20,0,0,1,1,0.0
MSB-630,OPP_2D_20_1s_5I_38W,1000,1000,20,20,0,0,1,1,0.0
MSB-630,OPP_2D_20_1s_5I_40W,1000,1000,20,20,0,0,1,1,0.0
MSB-630,OPP_2D_20_1s_5I_4W,1000,1000,20,20,18563023,18563032,0,0,1200.007
MSB-630,OPP_2D_20_1s_5I_6W,1000,1000,20,20,100,120,1,1,0.425
MSB-630,OPP_2D_20_1s_5I_8W,1000,1000,20,20,0,0,1,1,0.0
MSB-630,OPP_2D_20_1s_6I_0W,1000,1000,20,20,92360179,92360190,0,0,1200.01
MSB-630,OPP_2D_20_1s_6I_10W,1000,1000,20,20,0,0,1,1,0.0
MSB-630,OPP_2D_20_1s_6I_12W,1000,1000,20,20,0,0,1,1,0.0
MSB-630,OPP_2D_20_1s_6I_14W,1000,1000,20,20,0,0,1,1,0.0
MSB-630,OPP_2D_20_1s_6I_16W,1000,1000,20,20,0,0,1,1,0.0
MSB-630,OPP_2D_20_1s_6I_18W,1000,1000,20,20,0,0,1,1,0.017
MSB-630,OPP_2D_20_1s_6I_20W,1000,1000,20,20,0,0,1,1,0.0
MSB-630,OPP_2D_20_1s_6I_22W,1000,1000,20,20,0,0,1,1,0.0
MSB-630,OPP_2D_20_1s_6I_24W,1000,1000,20,20,0,0,1,1,0.0
MSB-630,OPP_2D_20_1s_6I_26W,1000,1000,20,20,0,0,1,1,0.0
MSB-630,OPP_2D_20_1s_6I_28W,1000,1000,20,20,0,0,1,1,0.0
MSB-630,OPP_2D_20_1s_6I_2W,1000,1000,20,20,82869931,82869943,0,0,1200.001
MSB-630,OPP_2D_20_1s_6I_30W,1000,1000,20,20,0,0,1,1,0.0
MSB-630,OPP_2D_20_1s_6I_32W,1000,1000,20,20,0,0,1,1,0.0
MSB-630,OPP_2D_20_1s_6I_34W,1000,1000,20,20,0,0,1,1,0.0
MSB-630,OPP_2D_20_1s_6I_36W,1000,1000,20,20,0,0,1,1,0.0
MSB-630,OPP_2D_20_1s_6I_38W,1000,1000,20,20,0,0,1,1,0.0
MSB-630,OPP_2D_20_1s_6I_40W,1000,1000,20,20,0,0,1,1,0.0
MSB-630,OPP_2D_20_1s_6I_4W,1000,1000,20,20,65452806,65452817,0,0,1200.002
MSB-630,OPP_2D_20_1s_6I_6W,1000,1000,20,20,0,0,1,1,0.0
MSB-630,OPP_2D_20_1s_6I_8W,1000,1000,20,20,0,0,1,1,0.0
MSB-630,OPP_2D_20_1s_7I_0W,1000,1000,20,20,89758928,89758936,0,0,1200.012
MSB-630,OPP_2D_20_1s_7I_10W,1000,1000,20,20,0,0,1,1,0.0
MSB-630,OPP_2D_20_1s_7I_12W,1000,1000,20,20,0,0,1,1,0.0
MSB-630,OPP_2D_20_1s_7I_14W,1000,1000,20,20,0,0,1,1,0.0
MSB-630,OPP_2D_20_1s_7I_16W,1000,1000,20,20,0,0,1,1,0.0
MSB-630,OPP_2D_20_1s_7I_18W,1000,1000,20,20,0,0,1,1,0.0
MSB-630,OPP_2D_20_1s_7I_20W,1000,1000,20,20,0,0,1,1,0.0
MSB-630,OPP_2D_20_1s_7I_22W,1000,1000,20,20,0,0,1,1,0.0
MSB-630,OPP_2D_20_1s_7I_24W,1000,1000,20,20,0,0,1,1,0.0
MSB-630,OPP_2D_20_1s_7I_26W,1000,1000,20,20,0,0,1,1,0.0
MSB-630,OPP_2D_20_1s_7I_28W,1000,1000,20,20,0,0,1,1,0.0
MSB-630,OPP_2D_20_1s_7I_2W,1000,1000,20,20,56123581,56123593,0,0,1200.004
MSB-630,OPP_2D_20_1s_7I_30W,1000,1000,20,20,0,0,1,1,0.0
MSB-630,OPP_2D_20_1s_7I_32W,1000,1000,20,20,0,0,1,1,0.0
MSB-630,OPP_2D_20_1s_7I_34W,1000,1000,20,20,0,0,1,1,0.0
MSB-630,OPP_2D_20_1s_7I_36W,1000,1000,20,20,0,0,1,1,0.0
MSB-630,OPP_2D_20_1s_7I_38W,1000,1000,20,20,0,0,1,1,0.0
MSB-630,OPP_2D_20_1s_7I_40W,1000,1000,20,20,0,0,1,1,0.0
MSB-630,OPP_2D_20_1s_7I_4W,1000,1000,20,20,108529404,108529418,0,0,1200.005
MSB-630,OPP_2D_20_1s_7I_6W,1000,1000,20,20,0,0,1,1,0.0
MSB-630,OPP_2D_20_1s_7I_8W,1000,1000,20,20,0,0,1,1,0.0
MSB-630,OPP_2D_20_1s_8I_0W,1000,1000,20,20,74067687,74067697,0,0,1200.004
MSB-630,OPP_2D_20_1s_8I_10W,1000,1000,20,20,0,0,1,1,0.0
MSB-630,OPP_2D_20_1s_8I_12W,1000,1000,20,20,0,0,1,1,0.0
MSB-630,OPP_2D_20_1s_8I_14W,1000,1000,20,20,0,0,1,1,0.0
MSB-630,OPP_2D_20_1s_8I_16W,1000,1000,20,20,0,0,1,1,0.016
MSB-630,OPP_2D_20_1s_8I_18W,1000,1000,20,20,0,0,1,1,0.0
MSB-630,OPP_2D_20_1s_8I_20W,1000,1000,20,20,0,0,1,1,0.0
MSB-630,OPP_2D_20_1s_8I_22W,1000,1000,20,20,0,0,1,1,0.0
MSB-630,OPP_2D_20_1s_8I_24W,1000,1000,20,20,0,0,1,1,0.016
MSB-630,OPP_2D_20_1s_8I_26W,1000,1000,20,20,0,0,1,1,0.0
MSB-630,OPP_2D_20_1s_8I_28W,1000,1000,20,20,0,0,1,1,0.0
MSB-630,OPP_2D_20_1s_8I_2W,1000,1000,20,20,40917432,40917438,0,0,1200.011
MSB-630,OPP_2D_20_1s_8I_30W,1000,1000,20,20,0,0,1,1,0.0
MSB-630,OPP_2D_20_1s_8I_32W,1000,1000,20,20,0,0,1,1,0.0
MSB-630,OPP_2D_20_1s_8I_34W,1000,1000,20,20,0,0,1,1,0.0
MSB-630,OPP_2D_20_1s_8I_36W,1000,1000,20,20,0,0,1,1,0.0
MSB-630,OPP_2D_20_1s_8I_38W,1000,1000,20,20,0,0,1,1,0.0
MSB-630,OPP_2D_20_1s_8I_40W,1000,1000,20,20,0,0,1,1,0.0
MSB-630,OPP_2D_20_1s_8I_4W,1000,1000,20,20,1726102,1726122,1,1,32.066
MSB-630,OPP_2D_20_1s_8I_6W,1000,1000,20,20,0,0,1,1,0.0
MSB-630,OPP_2D_20_1s_8I_8W,1000,1000,20,20,0,0,1,1,0.0
MSB-630,OPP_2D_20_1s_9I_0W,1000,1000,20,20,70223051,70223060,0,0,1200.009
MSB-630,OPP_2D_20_1s_9I_10W,1000,1000,20,20,0,0,1,1,0.0
MSB-630,OPP_2D_20_1s_9I_12W,1000,1000,20,20,0,0,1,1,0.0
MSB-630,OPP_2D_20_1s_9I_14W,1000,1000,20,20,0,0,1,1,0.0
MSB-630,OPP_2D_20_1s_9I_16W,1000,1000,20,20,0,0,1,1,0.007
MSB-630,OPP_2D_20_1s_9I_18W,1000,1000,20,20,0,0,1,1,0.0
MSB-630,OPP_2D_20_1s_9I_20W,1000,1000,20,20,0,0,1,1,0.008
MSB-630,OPP_2D_20_1s_9I_22W,1000,1000,20,20,0,0,1,1,0.0
MSB-630,OPP_2D_20_1s_9I_24W,1000,1000,20,20,0,0,1,1,0.002
MSB-630,OPP_2D_20_1s_9I_26W,1000,1000,20,20,0,0,1,1,0.004
MSB-630,OPP_2D_20_1s_9I_28W,1000,1000,20,20,0,0,1,1,0.012
MSB-630,OPP_2D_20_1s_9I_2W,1000,1000,20,20,50324369,50324380,0,0,1200.009
MSB-630,OPP_2D_20_1s_9I_30W,1000,1000,20,20,0,0,1,1,0.0
MSB-630,OPP_2D_20_1s_9I_32W,1000,1000,20,20,0,0,1,1,0.0
MSB-630,OPP_2D_20_1s_9I_34W,1000,1000,20,20,0,0,1,1,0.016
MSB-630,OPP_2D_20_1s_9I_36W,1000,1000,20,20,0,0,1,1,0.0
MSB-630,OPP_2D_20_1s_9I_38W,1000,1000,20,20,0,0,1,1,0.0
MSB-630,OPP_2D_20_1s_9I_40W,1000,1000,20,20,0,0,1,1,0.0
MSB-630,OPP_2D_20_1s_9I_4W,1000,1000,20,20,40791785,40791795,0,0,1200.011
MSB-630,OPP_2D_20_1s_9I_6W,1000,1000,20,20,0,0,1,1,0.018
MSB-630,OPP_2D_20_1s_9I_8W,1000,1000,20,20,0,0,1,1,0.0
MSB-630,OPP_2D_20_20s_10I_0W,1000,1000,20,20,41147996,41148005,0,0,1200.009
MSB-630,OPP_2D_20_20s_10I_10W,1000,1000,20,20,0,0,1,1,0.006
MSB-630,OPP_2D_20_20s_10I_12W,1000,1000,20,20,0,0,1,1,0.014
MSB-630,OPP_2D_20_20s_10I_14W,1000,1000,20,20,0,0,1,1,0.006
MSB-630,OPP_2D_20_20s_10I_16W,1000,1000,20,20,0,0,1,1,0.0
MSB-630,OPP_2D_20_20s_10I_18W,1000,1000,20,20,0,0,1,1,0.0
MSB-630,OPP_2D_20_20s_10I_20W,1000,1000,20,20,0,0,1,1,0.004
MSB-630,OPP_2D_20_20s_10I_22W,1000,1000,20,20,0,0,1,1,0.011
MSB-630,OPP_2D_20_20s_10I_24W,1000,1000,20,20,0,0,1,1,0.0
MSB-630,OPP_2D_20_20s_10I_26W,1000,1000,20,20,0,0,1,1,0.0
MSB-630,OPP_2D_20_20s_10I_28W,1000,1000,20,20,0,0,1,1,0.0
MSB-630,OPP_2D_20_20s_10I_2W,1000,1000,20,20,3,3,1,0,1.157
MSB-630,OPP_2D_20_20s_10I_30W,1000,1000,20,20,0,0,1,1,0.004
MSB-630,OPP_2D_20_20s_10I_32W,1000,1000,20,20,0,0,1,1,0.0
MSB-630,OPP_2D_20_20s_10I_34W,1000,1000,20,20,0,0,1,1,0.0
MSB-630,OPP_2D_20_20s_10I_36W,1000,1000,20,20,0,0,1,1,0.007
MSB-630,OPP_2D_20_20s_10I_38W,1000,1000,20,20,0,0,1,1,0.0
MSB-630,OPP_2D_20_20s_10I_40W,1000,1000,20,20,0,0,1,1,0.005
MSB-630,OPP_2D_20_20s_10I_4W,1000,1000,20,20,135067618,135067637,0,0,1200.014
MSB-630,OPP_2D_20_20s_10I_6W,1000,1000,20,20,84400,84420,1,1,1.017
MSB-630,OPP_2D_20_20s_10I_8W,1000,1000,20,20,0,0,1,1,0.0
MSB-630,OPP_2D_20_20s_1I_0W,1000,1000,20,20,78237408,78237416,0,0,1200.01
MSB-630,OPP_2D_20_20s_1I_10W,1000,1000,20,20,5350417,5350436,0,0,1200.015
MSB-630,OPP_2D_20_20s_1I_12W,1000,1000,20,20,10252,10252,1,0,0.651
MSB-630,OPP_2D_20_20s_1I_14W,1000,1000,20,20,0,0,1,1,0.005
MSB-630,OPP_2D_20_20s_1I_16W,1000,1000,20,20,0,0,1,1,0.012
MSB-630,OPP_2D_20_20s_1I_18W,1000,1000,20,20,0,0,1,1,0.009
MSB-630,OPP_2D_20_20s_1I_20W,1000,1000,20,20,0,0,1,1,0.0
MSB-630,OPP_2D_20_20s_1I_22W,1000,1000,20,20,0,0,1,1,0.0
MSB-630,OPP_2D_20_20s_1I_24W,1000,1000,20,20,0,0,1,1,0.0
MSB-630,OPP_2D_20_20s_1I_26W,1000,1000,20,20,0,0,1,1,0.0
MSB-630,OPP_2D_20_20s_1I_28W,1000,1000,20,20,0,0,1,1,0.0
MSB-630,OPP_2D_20_20s_1I_2W,1000,1000,20,20,156496427,156496432,0,0,1200.014
MSB-630,OPP_2D_20_20s_1I_30W,1000,1000,20,20,0,0,1,1,0.0
MSB-630,OPP_2D_20_20s_1I_32W,1000,1000,20,20,0,0,1,1,0.016
MSB-630,OPP_2D_20_20s_1I_34W,1000,1000,20,20,0,0,1,1,0.016
MSB-630,OPP_2D_20_20s_1I_36W,1000,1000,20,20,0,0,1,1,0.0
MSB-630,OPP_2D_20_20s_1I_38W,1000,1000,20,20,0,0,1,1,0.0
MSB-630,OPP_2D_20_20s_1I_40W,1000,1000,20,20,0,0,1,1,0.0
MSB-630,OPP_2D_20_20s_1I_4W,1000,1000,20,20,0,0,1,0,0.0
MSB-630,OPP_2D_20_20s_1I_6W,1000,1000,20,20,0,0,1,1,0.016
MSB-630,OPP_2D_20_20s_1I_8W,1000,1000,20,20,12711994,12712002,0,0,1200.007
MSB-630,OPP_2D_20_20s_2I_0W,1000,1000,20,20,90897693,90897701,0,0,1200.0
MSB-630,OPP_2D_20_20s_2I_10W,1000,1000,20,20,0,0,1,1,0.002
MSB-630,OPP_2D_20_20s_2I_12W,1000,1000,20,20,0,0,1,1,0.0
MSB-630,OPP_2D_20_20s_2I_14W,1000,1000,20,20,0,0,1,1,0.0
MSB-630,OPP_2D_20_20s_2I_16W,1000,1000,20,20,0,0,1,1,0.014
MSB-630,OPP_2D_20_20s_2I_18W,1000,1000,20,20,0,0,1,1,0.004
MSB-630,OPP_2D_20_20s_2I_20W,1000,1000,20,20,0,0,1,0,0.0
MSB-630,OPP_2D_20_20s_2I_22W,1000,1000,20,20,0,0,1,1,0.0
MSB-630,OPP_2D_20_20s_2I_24W,1000,1000,20,20,0,0,1,1,0.0
MSB-630,OPP_2D_20_20s_2I_26W,1000,1000,20,20,0,0,1,1,0.0
MSB-630,OPP_2D_20_20s_2I_28W,1000,1000,20,20,0,0,1,1,0.0
MSB-630,OPP_2D_20_20s_2I_2W,1000,1000,20,20,90131582,90131592,0,0,1200.005
MSB-630,OPP_2D_20_20s_2I_30W,1000,1000,20,20,0,0,1,0,0.0
MSB-630,OPP_2D_20_20s_2I_32W,1000,1000,20,20,0,0,1,1,0.0
MSB-630,OPP_2D_20_20s_2I_34W,1000,1000,20,20,0,0,1,1,0.0
MSB-630,OPP_2D_20_20s_2I_36W,1000,1000,20,20,0,0,1,1,0.0
MSB-630,OPP_2D_20_20s_2I_38W,1000,1000,20,20,0,0,1,1,0.0
MSB-630,OPP_2D_20_20s_2I_40W,1000,1000,20,20,0,0,1,1,0.0
MSB-630,OPP_2D_20_20s_2I_4W,1000,1000,20,20,67798845,67798857,0,0,1200.0
MSB-630,OPP_2D_20_20s_2I_6W,1000,1000,20,20,6625680,6625698,0,0,1200.001
MSB-630,OPP_2D_20_20s_2I_8W,1000,1000,20,20,40,60,1,1,0.451
MSB-630,OPP_2D_20_20s_3I_0W,1000,1000,20,20,3475,3475,1,0,0.424
MSB-630,OPP_2D_20_20s_3I_10W,1000,1000,20,20,2953835,2953854,0,0,1200.004
MSB-630,OPP_2D_20_20s_3I_12W,1000,1000,20,20,0,0,1,1,0.0
MSB-630,OPP_2D_20_20s_3I_14W,1000,1000,20,20,0,0,1,1,0.004
MSB-630,OPP_2D_20_20s_3I_16W,1000,1000,20,20,0,0,1,1,0.0
MSB-630,OPP_2D_20_20s_3I_18W,1000,1000,20,20,0,0,1,1,0.004
MSB-630,OPP_2D_20_20s_3I_20W,1000,1000,20,20,0,0,1,1,0.0
MSB-630,OPP_2D_20_20s_3I_22W,1000,1000,20,20,0,0,1,1,0.014
MSB-630,OPP_2D_20_20s_3I_24W,1000,1000,20,20,0,0,1,1,0.004
MSB-630,OPP_2D_20_20s_3I_26W,1000,1000,20,20,0,0,1,1,0.0
MSB-630,OPP_2D_20_20s_3I_28W,1000,1000,20,20,0,0,1,1,0.0
MSB-630,OPP_2D_20_20s_3I_2W,1000,1000,20,20,72210815,72210824,0,0,1200.003
MSB-630,OPP_2D_20_20s_3I_30W,1000,1000,20,20,0,0,1,1,0.0
MSB-630,OPP_2D_20_20s_3I_32W,1000,1000,20,20,0,0,1,1,0.0
MSB-630,OPP_2D_20_20s_3I_34W,1000,1000,20,20,0,0,1,1,0.0
MSB-630,OPP_2D_20_20s_3I_36W,1000,1000,20,20,0,0,1,1,0.0
MSB-630,OPP_2D_20_20s_3I_38W,1000,1000,20,20,0,0,1,1,0.0
MSB-630,OPP_2D_20_20s_3I_40W,1000,1000,20,20,0,0,1,1,0.0
MSB-630,OPP_2D_20_20s_3I_4W,1000,1000,20,20,79389001,79389012,0,0,1200.004
MSB-630,OPP_2D_20_20s_3I_6W,1000,1000,20,20,0,0,1,0,0.0
MSB-630,OPP_2D_20_20s_3I_8W,1000,1000,20,20,0,0,1,1,0.0
MSB-630,OPP_2D_20_20s_4I_0W,1000,1000,20,20,22302103,22302108,0,0,1200.007
MSB-630,OPP_2D_20_20s_4I_10W,1000,1000,20,20,0,0,1,1,0.0
MSB-630,OPP_2D_20_20s_4I_12W,1000,1000,20,20,0,0,1,1,0.004
MSB-630,OPP_2D_20_20s_4I_14W,1000,1000,20,20,0,0,1,1,0.0
MSB-630,OPP_2D_20_20s_4I_16W,1000,1000,20,20,0,0,1,1,0.0
MSB-630,OPP_2D_20_20s_4I_18W,1000,1000,20,20,0,0,1,1,0.004
MSB-630,OPP_2D_20_20s_4I_20W,1000,1000,20,20,0,0,1,1,0.0
MSB-630,OPP_2D_20_20s_4I_22W,1000,1000,20,20,0,0,1,1,0.0
MSB-630,OPP_2D_20_20s_4I_24W,1000,1000,20,20,0,0,1,1,0.0
MSB-630,OPP_2D_20_20s_4I_26W,1000,1000,20,20,0,0,1,1,0.007
MSB-630,OPP_2D_20_20s_4I_28W,1000,1000,20,20,0,0,1,1,0.0
MSB-630,OPP_2D_20_20s_4I_2W,1000,1000,20,20,0,0,1,0,0.006
MSB-630,OPP_2D_20_20s_4I_30W,1000,1000,20,20,0,0,1,1,0.0
MSB-630,OPP_2D_20_20s_4I_32W,1000,1000,20,20,0,0,1,1,0.008
MSB-630,OPP_2D_20_20s_4I_34W,1000,1000,20,20,0,0,1,1,0.0
MSB-630,OPP_2D_20_20s_4I_36W,1000,1000,20,20,0,0,1,1,0.003
MSB-630,OPP_2D_20_20s_4I_38W,1000,1000,20,20,0,0,1,1,0.0
MSB-630,OPP_2D_20_20s_4I_40W,1000,1000,20,20,0,0,1,1,0.0
MSB-630,OPP_2D_20_20s_4I_4W,1000,1000,20,20,0,0,1,0,0.0
MSB-630,OPP_2D_20_20s_4I_6W,1000,1000,20,20,21077877,21077886,0,0,1200.001
MSB-630,OPP_2D_20_20s_4I_8W,1000,1000,20,20,0,0,1,1,0.0
MSB-630,OPP_2D_20_20s_5I_0W,1000,1000,20,20,42559063,42559073,0,0,1200.015
MSB-630,OPP_2D_20_20s_5I_10W,1000,1000,20,20,0,0,1,0,0.0
MSB-630,OPP_2D_20_20s_5I_12W,1000,1000,20,20,0,0,1,1,0.027
MSB-630,OPP_2D_20_20s_5I_14W,1000,1000,20,20,0,0,1,1,0.006
MSB-630,OPP_2D_20_20s_5I_16W,1000,1000,20,20,0,0,1,1,0.0
MSB-630,OPP_2D_20_20s_5I_18W,1000,1000,20,20,0,0,1,1,0.006
MSB-630,OPP_2D_20_20s_5I_20W,1000,1000,20,20,0,0,1,1,0.009
MSB-630,OPP_2D_20_20s_5I_22W,1000,1000,20,20,0,0,1,1,0.003
MSB-630,OPP_2D_20_20s_5I_24W,1000,1000,20,20,0,0,1,1,0.0
MSB-630,OPP_2D_20_20s_5I_26W,1000,1000,20,20,0,0,1,1,0.002
MSB-630,OPP_2D_20_20s_5I_28W,1000,1000,20,20,0,0,1,0,0.0
MSB-630,OPP_2D_20_20s_5I_2W,1000,1000,20,20,109358863,109358869,0,0,1200.011
MSB-630,OPP_2D_20_20s_5I_30W,1000,1000,20,20,0,0,1,0,0.0
MSB-630,OPP_2D_20_20s_5I_32W,1000,1000,20,20,0,0,1,1,0.014
MSB-630,OPP_2D_20_20s_5I_34W,1000,1000,20,20,0,0,1,1,0.008
MSB-630,OPP_2D_20_20s_5I_36W,1000,1000,20,20,0,0,1,1,0.003
MSB-630,OPP_2D_20_20s_5I_38W,1000,1000,20,20,0,0,1,1,0.004
MSB-630,OPP_2D_20_20s_5I_40W,1000,1000,20,20,0,0,1,1,0.0
MSB-630,OPP_2D_20_20s_5I_4W,1000,1000,20,20,0,0,1,0,0.0
MSB-630,OPP_2D_20_20s_5I_6W,1000,1000,20,20,12702591,12702610,0,0,1200.008
MSB-630,OPP_2D_20_20s_5I_8W,1000,1000,20,20,615898,615918,1,1,66.007
MSB-630,OPP_2D_20_20s_6I_0W,1000,1000,20,20,12025198,12025203,0,0,1200.001
MSB-630,OPP_2D_20_20s_6I_10W,1000,1000,20,20,0,0,1,1,0.0
MSB-630,OPP_2D_20_20s_6I_12W,1000,1000,20,20,0,0,1,0,0.0
MSB-630,OPP_2D_20_20s_6I_14W,1000,1000,20,20,0,0,1,1,0.0
MSB-630,OPP_2D_20_20s_6I_16W,1000,1000,20,20,0,0,1,1,0.0
MSB-630,OPP_2D_20_20s_6I_18W,1000,1000,20,20,0,0,1,1,0.0
MSB-630,OPP_2D_20_20s_6I_20W,1000,1000,20,20,0,0,1,1,0.0
MSB-630,OPP_2D_20_20s_6I_22W,1000,1000,20,20,0,0,1,1,0.0
MSB-630,OPP_2D_20_20s_6I_24W,1000,1000,20,20,0,0,1,1,0.0
MSB-630,OPP_2D_20_20s_6I_26W,1000,1000,20,20,0,0,1,1,0.0
MSB-630,OPP_2D_20_20s_6I_28W,1000,1000,20,20,0,0,1,1,0.0
MSB-630,OPP_2D_20_20s_6I_2W,1000,1000,20,20,38307765,38307771,0,0,1200.0
MSB-630,OPP_2D_20_20s_6I_30W,1000,1000,20,20,0,0,1,1,0.001
MSB-630,OPP_2D_20_20s_6I_32W,1000,1000,20,20,0,0,1,1,0.001
MSB-630,OPP_2D_20_20s_6I_34W,1000,1000,20,20,0,0,1,1,0.001
MSB-630,OPP_2D_20_20s_6I_36W,1000,1000,20,20,0,0,1,1,0.003
MSB-630,OPP_2D_20_20s_6I_38W,1000,1000,20,20,0,0,1,1,0.002
MSB-630,OPP_2D_20_20s_6I_40W,1000,1000,20,20,0,0,1,1,0.0
MSB-630,OPP_2D_20_20s_6I_4W,1000,1000,20,20,16139595,16139602,0,0,1200.003
MSB-630,OPP_2D_20_20s_6I_6W,1000,1000,20,20,2881,2901,1,1,0.789
MSB-630,OPP_2D_20_20s_6I_8W,1000,1000,20,20,0,0,1,1,0.015
MSB-630,OPP_2D_20_20s_7I_0W,1000,1000,20,20,98775463,98775472,0,0,1200.01
MSB-630,OPP_2D_20_20s_7I_10W,1000,1000,20,20,0,0,1,1,0.0
MSB-630,OPP_2D_20_20s_7I_12W,1000,1000,20,20,0,0,1,0,0.0
MSB-630,OPP_2D_20_20s_7I_14W,1000,1000,20,20,0,0,1,0,0.0
MSB-630,OPP_2D_20_20s_7I_16W,1000,1000,20,20,0,0,1,0,0.0
MSB-630,OPP_2D_20_20s_7I_18W,1000,1000,20,20,0,0,1,1,0.0
MSB-630,OPP_2D_20_20s_7I_20W,1000,1000,20,20,0,0,1,1,0.0
MSB-630,OPP_2D_20_20s_7I_22W,1000,1000,20,20,0,0,1,1,0.0
MSB-630,OPP_2D_20_20s_7I_24W,1000,1000,20,20,0,0,1,1,0.0
MSB-630,OPP_2D_20_20s_7I_26W,1000,1000,20,20,0,0,1,1,0.0
MSB-630,OPP_2D_20_20s_7I_28W,1000,1000,20,20,0,0,1,1,0.0
MSB-630,OPP_2D_20_20s_7I_2W,1000,1000,20,20,4015392,4015392,1,0,460.419
MSB-630,OPP_2D_20_20s_7I_30W,1000,1000,20,20,0,0,1,1,0.0
MSB-630,OPP_2D_20_20s_7I_32W,1000,1000,20,20,0,0,1,1,0.0
MSB-630,OPP_2D_20_20s_7I_34W,1000,1000,20,20,0,0,1,1,0.0
MSB-630,OPP_2D_20_20s_7I_36W,1000,1000,20,20,0,0,1,1,0.004
MSB-630,OPP_2D_20_20s_7I_38W,1000,1000,20,20,0,0,1,1,0.004
MSB-630,OPP_2D_20_20s_7I_40W,1000,1000,20,20,0,0,1,1,0.008
MSB-630,OPP_2D_20_20s_7I_4W,1000,1000,20,20,13070113,13070122,0,0,1200.002
MSB-630,OPP_2D_20_20s_7I_6W,1000,1000,20,20,0,0,1,1,0.024
MSB-630,OPP_2D_20_20s_7I_8W,1000,1000,20,20,446954,446974,1,1,12.854
MSB-630,OPP_2D_20_20s_8I_0W,1000,1000,20,20,67456360,67456369,0,0,1200.003
MSB-630,OPP_2D_20_20s_8I_10W,1000,1000,20,20,3542982,3543001,0,0,1200.013
MSB-630,OPP_2D_20_20s_8I_12W,1000,1000,20,20,0,0,1,0,0.0
MSB-630,OPP_2D_20_20s_8I_14W,1000,1000,20,20,0,0,1,1,0.0
MSB-630,OPP_2D_20_20s_8I_16W,1000,1000,20,20,0,0,1,0,0.0
MSB-630,OPP_2D_20_20s_8I_18W,1000,1000,20,20,0,0,1,1,0.0
MSB-630,OPP_2D_20_20s_8I_20W,1000,1000,20,20,0,0,1,1,0.0
MSB-630,OPP_2D_20_20s_8I_22W,1000,1000,20,20,0,0,1,1,0.016
MSB-630,OPP_2D_20_20s_8I_24W,1000,1000,20,20,0,0,1,1,0.0
MSB-630,OPP_2D_20_20s_8I_26W,1000,1000,20,20,0,0,1,1,0.0
MSB-630,OPP_2D_20_20s_8I_28W,1000,1000,20,20,0,0,1,1,0.0
MSB-630,OPP_2D_20_20s_8I_2W,1000,1000,20,20,5711327,5711336,0,0,1200.002
MSB-630,OPP_2D_20_20s_8I_30W,1000,1000,20,20,0,0,1,1,0.0
MSB-630,OPP_2D_20_20s_8I_32W,1000,1000,20,20,0,0,1,1,0.0
MSB-630,OPP_2D_20_20s_8I_34W,1000,1000,20,20,0,0,1,1,0.0
MSB-630,OPP_2D_20_20s_8I_36W,1000,1000,20,20,0,0,1,1,0.0
MSB-630,OPP_2D_20_20s_8I_38W,1000,1000,20,20,0,0,1,1,0.016
MSB-630,OPP_2D_20_20s_8I_40W,1000,1000,20,20,0,0,1,1,0.0
MSB-630,OPP_2D_20_20s_8I_4W,1000,1000,20,20,373,373,1,0,0.959
MSB-630,OPP_2D_20_20s_8I_6W,1000,1000,20,20,17017965,17017984,0,0,1200.012
MSB-630,OPP_2D_20_20s_8I_8W,1000,1000,20,20,0,0,1,1,0.016
MSB-630,OPP_2D_20_20s_9I_0W,1000,1000,20,20,0,0,1,0,0.0
MSB-630,OPP_2D_20_20s_9I_10W,1000,1000,20,20,0,0,1,1,0.0
MSB-630,OPP_2D_20_20s_9I_12W,1000,1000,20,20,0,0,1,1,0.016
MSB-630,OPP_2D_20_20s_9I_14W,1000,1000,20,20,0,0,1,0,0.0
MSB-630,OPP_2D_20_20s_9I_16W,1000,1000,20,20,0,0,1,1,0.0
MSB-630,OPP_2D_20_20s_9I_18W,1000,1000,20,20,0,0,1,1,0.0
MSB-630,OPP_2D_20_20s_9I_20W,1000,1000,20,20,0,0,1,1,0.0
MSB-630,OPP_2D_20_20s_9I_22W,1000,1000,20,20,0,0,1,1,0.0
MSB-630,OPP_2D_20_20s_9I_24W,1000,1000,20,20,0,0,1,1,0.0
MSB-630,OPP_2D_20_20s_9I_26W,1000,1000,20,20,0,0,1,1,0.0
MSB-630,OPP_2D_20_20s_9I_28W,1000,1000,20,20,0,0,1,1,0.0
MSB-630,OPP_2D_20_20s_9I_2W,1000,1000,20,20,111429305,111429314,0,0,1200.0
MSB-630,OPP_2D_20_20s_9I_30W,1000,1000,20,20,0,0,1,1,0.001
MSB-630,OPP_2D_20_20s_9I_32W,1000,1000,20,20,0,0,1,1,0.001
MSB-630,OPP_2D_20_20s_9I_34W,1000,1000,20,20,0,0,1,0,0.0
MSB-630,OPP_2D_20_20s_9I_36W,1000,1000,20,20,0,0,1,1,0.002
MSB-630,OPP_2D_20_20s_9I_38W,1000,1000,20,20,0,0,1,1,0.002
MSB-630,OPP_2D_20_20s_9I_40W,1000,1000,20,20,0,0,1,1,0.003
MSB-630,OPP_2D_20_20s_9I_4W,1000,1000,20,20,26200061,26200073,0,0,1200.002
MSB-630,OPP_2D_20_20s_9I_6W,1000,1000,20,20,18752176,18752182,0,0,1200.013
MSB-630,OPP_2D_20_20s_9I_8W,1000,1000,20,20,0,0,1,1,0.0
MSB-630,OPP_2D_20_3s_10I_0W,1000,1000,20,20,87342641,87342652,0,0,1200.007
MSB-630,OPP_2D_20_3s_10I_10W,1000,1000,20,20,0,0,1,1,0.0
MSB-630,OPP_2D_20_3s_10I_12W,1000,1000,20,20,0,0,1,1,0.016
MSB-630,OPP_2D_20_3s_10I_14W,1000,1000,20,20,0,0,1,1,0.0
MSB-630,OPP_2D_20_3s_10I_16W,1000,1000,20,20,0,0,1,1,0.0
MSB-630,OPP_2D_20_3s_10I_18W,1000,1000,20,20,0,0,1,1,0.0
MSB-630,OPP_2D_20_3s_10I_20W,1000,1000,20,20,0,0,1,1,0.016
MSB-630,OPP_2D_20_3s_10I_22W,1000,1000,20,20,0,0,1,1,0.0
MSB-630,OPP_2D_20_3s_10I_24W,1000,1000,20,20,0,0,1,1,0.0
MSB-630,OPP_2D_20_3s_10I_26W,1000,1000,20,20,0,0,1,1,0.0
MSB-630,OPP_2D_20_3s_10I_28W,1000,1000,20,20,0,0,1,1,0.0
MSB-630,OPP_2D_20_3s_10I_2W,1000,1000,20,20,15473220,15473229,0,0,1200.011
MSB-630,OPP_2D_20_3s_10I_30W,1000,1000,20,20,0,0,1,1,0.0
MSB-630,OPP_2D_20_3s_10I_32W,1000,1000,20,20,0,0,1,1,0.0
MSB-630,OPP_2D_20_3s_10I_34W,1000,1000,20,20,0,0,1,1,0.016
MSB-630,OPP_2D_20_3s_10I_36W,1000,1000,20,20,0,0,1,1,0.0
MSB-630,OPP_2D_20_3s_10I_38W,1000,1000,20,20,0,0,1,1,0.0
MSB-630,OPP_2D_20_3s_10I_40W,1000,1000,20,20,0,0,1,1,0.0
MSB-630,OPP_2D_20_3s_10I_4W,1000,1000,20,20,0,0,1,1,0.0
MSB-630,OPP_2D_20_3s_10I_6W,1000,1000,20,20,0,0,1,1,0.0
MSB-630,OPP_2D_20_3s_10I_8W,1000,1000,20,20,0,0,1,1,0.0
MSB-630,OPP_2D_20_3s_1I_0W,1000,1000,20,20,52797773,52797785,0,0,1200.0
MSB-630,OPP_2D_20_3s_1I_10W,1000,1000,20,20,0,0,1,1,0.001
MSB-630,OPP_2D_20_3s_1I_12W,1000,1000,20,20,0,0,1,1,0.002
MSB-630,OPP_2D_20_3s_1I_14W,1000,1000,20,20,0,0,1,1,0.001
MSB-630,OPP_2D_20_3s_1I_16W,1000,1000,20,20,0,0,1,1,0.0
MSB-630,OPP_2D_20_3s_1I_18W,1000,1000,20,20,0,0,1,1,0.0
MSB-630,OPP_2D_20_3s_1I_20W,1000,1000,20,20,0,0,1,1,0.006
MSB-630,OPP_2D_20_3s_1I_22W,1000,1000,20,20,0,0,1,1,0.01
MSB-630,OPP_2D_20_3s_1I_24W,1000,1000,20,20,0,0,1,1,0.0
MSB-630,OPP_2D_20_3s_1I_26W,1000,1000,20,20,0,0,1,1,0.0
MSB-630,OPP_2D_20_3s_1I_28W,1000,1000,20,20,0,0,1,1,0.0
MSB-630,OPP_2D_20_3s_1I_2W,1000,1000,20,20,39238891,39238900,0,0,1200.01
MSB-630,OPP_2D_20_3s_1I_30W,1000,1000,20,20,0,0,1,1,0.0
MSB-630,OPP_2D_20_3s_1I_32W,1000,1000,20,20,0,0,1,1,0.0
MSB-630,OPP_2D_20_3s_1I_34W,1000,1000,20,20,0,0,1,1,0.016
MSB-630,OPP_2D_20_3s_1I_36W,1000,1000,20,20,0,0,1,1,0.0
MSB-630,OPP_2D_20_3s_1I_38W,1000,1000,20,20,0,0,1,1,0.0
MSB-630,OPP_2D_20_3s_1I_40W,1000,1000,20,20,0,0,1,1,0.0
MSB-630,OPP_2D_20_3s_1I_4W,1000,1000,20,20,23457887,23457895,0,0,1200.007
MSB-630,OPP_2D_20_3s_1I_6W,1000,1000,20,20,0,0,1,1,0.02
MSB-630,OPP_2D_20_3s_1I_8W,1000,1000,20,20,0,0,1,1,0.0
MSB-630,OPP_2D_20_3s_2I_0W,1000,1000,20,20,65790193,65790206,0,0,1200.013
MSB-630,OPP_2D_20_3s_2I_10W,1000,1000,20,20,0,0,1,1,0.0
MSB-630,OPP_2D_20_3s_2I_12W,1000,1000,20,20,0,0,1,1,0.0
MSB-630,OPP_2D_20_3s_2I_14W,1000,1000,20,20,0,0,1,1,0.016
MSB-630,OPP_2D_20_3s_2I_16W,1000,1000,20,20,0,0,1,1,0.0
MSB-630,OPP_2D_20_3s_2I_18W,1000,1000,20,20,0,0,1,1,0.0
MSB-630,OPP_2D_20_3s_2I_20W,1000,1000,20,20,0,0,1,1,0.0
MSB-630,OPP_2D_20_3s_2I_22W,1000,1000,20,20,0,0,1,1,0.0
MSB-630,OPP_2D_20_3s_2I_24W,1000,1000,20,20,0,0,1,1,0.015
MSB-630,OPP_2D_20_3s_2I_26W,1000,1000,20,20,0,0,1,1,0.0
MSB-630,OPP_2D_20_3s_2I_28W,1000,1000,20,20,0,0,1,1,0.0
MSB-630,OPP_2D_20_3s_2I_2W,1000,1000,20,20,87601477,87601486,0,0,1200.004
MSB-630,OPP_2D_20_3s_2I_30W,1000,1000,20,20,0,0,1,1,0.0
MSB-630,OPP_2D_20_3s_2I_32W,1000,1000,20,20,0,0,1,1,0.0
MSB-630,OPP_2D_20_3s_2I_34W,1000,1000,20,20,0,0,1,1,0.0
MSB-630,OPP_2D_20_3s_2I_36W,1000,1000,20,20,0,0,1,1,0.008
MSB-630,OPP_2D_20_3s_2I_38W,1000,1000,20,20,0,0,1,1,0.008
MSB-630,OPP_2D_20_3s_2I_40W,1000,1000,20,20,0,0,1,1,0.0
MSB-630,OPP_2D_20_3s_2I_4W,1000,1000,20,20,77068178,77068190,0,0,1200.006
MSB-630,OPP_2D_20_3s_2I_6W,1000,1000,20,20,0,0,1,1,0.0
MSB-630,OPP_2D_20_3s_2I_8W,1000,1000,20,20,0,0,1,1,0.016
MSB-630,OPP_2D_20_3s_3I_0W,1000,1000,20,20,66320937,66320946,0,0,1200.004
MSB-630,OPP_2D_20_3s_3I_10W,1000,1000,20,20,0,0,1,1,0.0
MSB-630,OPP_2D_20_3s_3I_12W,1000,1000,20,20,0,0,1,1,0.0
MSB-630,OPP_2D_20_3s_3I_14W,1000,1000,20,20,0,0,1,1,0.0
MSB-630,OPP_2D_20_3s_3I_16W,1000,1000,20,20,0,0,1,1,0.0
MSB-630,OPP_2D_20_3s_3I_18W,1000,1000,20,20,0,0,1,1,0.0
MSB-630,OPP_2D_20_3s_3I_20W,1000,1000,20,20,0,0,1,1,0.0
MSB-630,OPP_2D_20_3s_3I_22W,1000,1000,20,20,0,0,1,1,0.0
MSB-630,OPP_2D_20_3s_3I_24W,1000,1000,20,20,0,0,1,1,0.0
MSB-630,OPP_2D_20_3s_3I_26W,1000,1000,20,20,0,0,1,1,0.0
MSB-630,OPP_2D_20_3s_3I_28W,1000,1000,20,20,0,0,1,1,0.0
MSB-630,OPP_2D_20_3s_3I_2W,1000,1000,20,20,277968112,277968124,0,0,1200.008
MSB-630,OPP_2D_20_3s_3I_30W,1000,1000,20,20,0,0,1,1,0.0
MSB-630,OPP_2D_20_3s_3I_32W,1000,1000,20,20,0,0,1,1,0.0
MSB-630,OPP_2D_20_3s_3I_34W,1000,1000,20,20,0,0,1,1,0.0
MSB-630,OPP_2D_20_3s_3I_36W,1000,1000,20,20,0,0,1,1,0.0
MSB-630,OPP_2D_20_3s_3I_38W,1000,1000,20,20,0,0,1,1,0.0
MSB-630,OPP_2D_20_3s_3I_40W,1000,1000,20,20,0,0,1,1,0.0
MSB-630,OPP_2D_20_3s_3I_4W,1000,1000,20,20,652,672,1,1,1.054
MSB-630,OPP_2D_20_3s_3I_6W,1000,1000,20,20,0,0,1,1,0.0
MSB-630,OPP_2D_20_3s_3I_8W,1000,1000,20,20,0,0,1,1,0.0
MSB-630,OPP_2D_20_3s_4I_0W,1000,1000,20,20,94157768,94157778,0,0,1200.001
MSB-630,OPP_2D_20_3s_4I_10W,1000,1000,20,20,0,0,1,1,0.0
MSB-630,OPP_2D_20_3s_4I_12W,1000,1000,20,20,0,0,1,1,0.0
MSB-630,OPP_2D_20_3s_4I_14W,1000,1000,20,20,0,0,1,1,0.0
MSB-630,OPP_2D_20_3s_4I_16W,1000,1000,20,20,0,0,1,1,0.0
MSB-630,OPP_2D_20_3s_4I_18W,1000,1000,20,20,0,0,1,1,0.0
MSB-630,OPP_2D_20_3s_4I_20W,1000,1000,20,20,0,0,1,1,0.0
MSB-630,OPP_2D_20_3s_4I_22W,1000,1000,20,20,0,0,1,1,0.0
MSB-630,OPP_2D_20_3s_4I_24W,1000,1000,20,20,0,0,1,1,0.0
MSB-630,OPP_2D_20_3s_4I_26W,1000,1000,20,20,0,0,1,1,0.0
MSB-630,OPP_2D_20_3s_4I_28W,1000,1000,20,20,0,0,1,1,0.0
MSB-630,OPP_2D_20_3s_4I_2W,1000,1000,20,20,136199497,136199508,0,0,1200.012
MSB-630,OPP_2D_20_3s_4I_30W,1000,1000,20,20,0,0,1,1,0.0
MSB-630,OPP_2D_20_3s_4I_32W,1000,1000,20,20,0,0,1,1,0.0
MSB-630,OPP_2D_20_3s_4I_34W,1000,1000,20,20,0,0,1,1,0.0
MSB-630,OPP_2D_20_3s_4I_36W,1000,1000,20,20,0,0,1,1,0.0
MSB-630,OPP_2D_20_3s_4I_38W,1000,1000,20,20,0,0,1,1,0.0
MSB-630,OPP_2D_20_3s_4I_40W,1000,1000,20,20,0,0,1,1,0.0
MSB-630,OPP_2D_20_3s_4I_4W,1000,1000,20,20,0,0,1,1,0.0
MSB-630,OPP_2D_20_3s_4I_6W,1000,1000,20,20,0,0,1,1,0.0
MSB-630,OPP_2D_20_3s_4I_8W,1000,1000,20,20,0,0,1,1,0.0
MSB-630,OPP_2D_20_3s_5I_0W,1000,1000,20,20,69376156,69376167,0,0,1200.007
MSB-630,OPP_2D_20_3s_5I_10W,1000,1000,20,20,0,0,1,1,0.0
MSB-630,OPP_2D_20_3s_5I_12W,1000,1000,20,20,0,0,1,1,0.0
MSB-630,OPP_2D_20_3s_5I_14W,1000,1000,20,20,0,0,1,1,0.0
MSB-630,OPP_2D_20_3s_5I_16W,1000,1000,20,20,0,0,1,1,0.0
MSB-630,OPP_2D_20_3s_5I_18W,1000,1000,20,20,0,0,1,1,0.0
MSB-630,OPP_2D_20_3s_5I_20W,1000,1000,20,20,0,0,1,1,0.0
MSB-630,OPP_2D_20_3s_5I_22W,1000,1000,20,20,0,0,1,1,0.016
MSB-630,OPP_2D_20_3s_5I_24W,1000,1000,20,20,0,0,1,1,0.0
MSB-630,OPP_2D_20_3s_5I_26W,1000,1000,20,20,0,0,1,1,0.0
MSB-630,OPP_2D_20_3s_5I_28W,1000,1000,20,20,0,0,1,1,0.016
MSB-630,OPP_2D_20_3s_5I_2W,1000,1000,20,20,36518339,36518345,0,0,1200.001
MSB-630,OPP_2D_20_3s_5I_30W,1000,1000,20,20,0,0,1,1,0.0
MSB-630,OPP_2D_20_3s_5I_32W,1000,1000,20,20,0,0,1,1,0.0
MSB-630,OPP_2D_20_3s_5I_34W,1000,1000,20,20,0,0,1,1,0.016
MSB-630,OPP_2D_20_3s_5I_36W,1000,1000,20,20,0,0,1,1,0.0
MSB-630,OPP_2D_20_3s_5I_38W,1000,1000,20,20,0,0,1,1,0.0
MSB-630,OPP_2D_20_3s_5I_40W,1000,1000,20,20,0,0,1,1,0.0
MSB-630,OPP_2D_20_3s_5I_4W,1000,1000,20,20,86469814,86469824,0,0,1200.001
MSB-630,OPP_2D_20_3s_5I_6W,1000,1000,20,20,0,0,1,1,0.0
MSB-630,OPP_2D_20_3s_5I_8W,1000,1000,20,20,0,0,1,1,0.0
MSB-630,OPP_2D_20_3s_6I_0W,1000,1000,20,20,103813661,103813674,0,0,1200.0
MSB-630,OPP_2D_20_3s_6I_10W,1000,1000,20,20,0,0,1,1,0.0
MSB-630,OPP_2D_20_3s_6I_12W,1000,1000,20,20,1,21,1,1,0.55
MSB-630,OPP_2D_20_3s_6I_14W,1000,1000,20,20,0,0,1,1,0.0
MSB-630,OPP_2D_20_3s_6I_16W,1000,1000,20,20,0,0,1,1,0.0
MSB-630,OPP_2D_20_3s_6I_18W,1000,1000,20,20,0,0,1,1,0.0
MSB-630,OPP_2D_20_3s_6I_20W,1000,1000,20,20,0,0,1,1,0.0
MSB-630,OPP_2D_20_3s_6I_22W,1000,1000,20,20,0,0,1,1,0.0
MSB-630,OPP_2D_20_3s_6I_24W,1000,1000,20,20,0,0,1,1,0.0
MSB-630,OPP_2D_20_3s_6I_26W,1000,1000,20,20,0,0,1,1,0.0
MSB-630,OPP_2D_20_3s_6I_28W,1000,1000,20,20,0,0,1,1,0.0
MSB-630,OPP_2D_20_3s_6I_2W,1000,1000,20,20,122429414,122429426,0,0,1200.004
MSB-630,OPP_2D_20_3s_6I_30W,1000,1000,20,20,0,0,1,1,0.0
MSB-630,OPP_2D_20_3s_6I_32W,1000,1000,20,20,0,0,1,1,0.0
MSB-630,OPP_2D_20_3s_6I_34W,1000,1000,20,20,0,0,1,1,0.015
MSB-630,OPP_2D_20_3s_6I_36W,1000,1000,20,20,0,0,1,1,0.0
MSB-630,OPP_2D_20_3s_6I_38W,1000,1000,20,20,0,0,1,1,0.0
MSB-630,OPP_2D_20_3s_6I_40W,1000,1000,20,20,0,0,1,1,0.0
MSB-630,OPP_2D_20_3s_6I_4W,1000,1000,20,20,4,24,1,1,0.895
MSB-630,OPP_2D_20_3s_6I_6W,1000,1000,20,20,0,0,1,1,0.0
MSB-630,OPP_2D_20_3s_6I_8W,1000,1000,20,20,0,0,1,1,0.0
MSB-630,OPP_2D_20_3s_7I_0W,1000,1000,20,20,66295606,66295612,0,0,1200.013
MSB-630,OPP_2D_20_3s_7I_10W,1000,1000,20,20,0,0,1,1,0.0
MSB-630,OPP_2D_20_3s_7I_12W,1000,1000,20,20,0,0,1,1,0.015
MSB-630,OPP_2D_20_3s_7I_14W,1000,1000,20,20,0,0,1,1,0.0
MSB-630,OPP_2D_20_3s_7I_16W,1000,1000,20,20,0,0,1,1,0.0
MSB-630,OPP_2D_20_3s_7I_18W,1000,1000,20,20,0,0,1,1,0.0
MSB-630,OPP_2D_20_3s_7I_20W,1000,1000,20,20,0,0,1,1,0.0
MSB-630,OPP_2D_20_3s_7I_22W,1000,1000,20,20,0,0,1,1,0.0
MSB-630,OPP_2D_20_3s_7I_24W,1000,1000,20,20,0,0,1,1,0.0
MSB-630,OPP_2D_20_3s_7I_26W,1000,1000,20,20,0,0,1,1,0.0
MSB-630,OPP_2D_20_3s_7I_28W,1000,1000,20,20,0,0,1,1,0.0
MSB-630,OPP_2D_20_3s_7I_2W,1000,1000,20,20,106246529,106246543,0,0,1200.011
MSB-630,OPP_2D_20_3s_7I_30W,1000,1000,20,20,0,0,1,1,0.0
MSB-630,OPP_2D_20_3s_7I_32W,1000,1000,20,20,0,0,1,1,0.0
MSB-630,OPP_2D_20_3s_7I_34W,1000,1000,20,20,0,0,1,1,0.0
MSB-630,OPP_2D_20_3s_7I_36W,1000,1000,20,20,0,0,1,1,0.015
MSB-630,OPP_2D_20_3s_7I_38W,1000,1000,20,20,0,0,1,1,0.0
MSB-630,OPP_2D_20_3s_7I_40W,1000,1000,20,20,0,0,1,1,0.0
MSB-630,OPP_2D_20_3s_7I_4W,1000,1000,20,20,70824262,70824274,0,0,1200.015
MSB-630,OPP_2D_20_3s_7I_6W,1000,1000,20,20,0,0,1,1,0.016
MSB-630,OPP_2D_20_3s_7I_8W,1000,1000,20,20,0,0,1,1,0.0
MSB-630,OPP_2D_20_3s_8I_0W,1000,1000,20,20,25985845,25985851,0,0,1200.011
MSB-630,OPP_2D_20_3s_8I_10W,1000,1000,20,20,0,0,1,1,0.006
MSB-630,OPP_2D_20_3s_8I_12W,1000,1000,20,20,0,0,1,1,0.0
MSB-630,OPP_2D_20_3s_8I_14W,1000,1000,20,20,0,0,1,1,0.002
MSB-630,OPP_2D_20_3s_8I_16W,1000,1000,20,20,0,0,1,1,0.009
MSB-630,OPP_2D_20_3s_8I_18W,1000,1000,20,20,0,0,1,1,0.0
MSB-630,OPP_2D_20_3s_8I_20W,1000,1000,20,20,0,0,1,1,0.0
MSB-630,OPP_2D_20_3s_8I_22W,1000,1000,20,20,0,0,1,1,0.0
MSB-630,OPP_2D_20_3s_8I_24W,1000,1000,20,20,0,0,1,1,0.015
MSB-630,OPP_2D_20_3s_8I_26W,1000,1000,20,20,0,0,1,1,0.004
MSB-630,OPP_2D_20_3s_8I_28W,1000,1000,20,20,0,0,1,1,0.0
MSB-630,OPP_2D_20_3s_8I_2W,1000,1000,20,20,5424971,5424991,1,1,54.135
MSB-630,OPP_2D_20_3s_8I_30W,1000,1000,20,20,0,0,1,1,0.0
MSB-630,OPP_2D_20_3s_8I_32W,1000,1000,20,20,0,0,1,1,0.0
MSB-630,OPP_2D_20_3s_8I_34W,1000,1000,20,20,0,0,1,1,0.0
MSB-630,OPP_2D_20_3s_8I_36W,1000,1000,20,20,0,0,1,1,0.0
MSB-630,OPP_2D_20_3s_8I_38W,1000,1000,20,20,0,0,1,1,0.0
MSB-630,OPP_2D_20_3s_8I_40W,1000,1000,20,20,0,0,1,1,0.0
MSB-630,OPP_2D_20_3s_8I_4W,1000,1000,20,20,81071578,81071586,0,0,1200.009
MSB-630,OPP_2D_20_3s_8I_6W,1000,1000,20,20,0,0,1,1,0.0
MSB-630,OPP_2D_20_3s_8I_8W,1000,1000,20,20,0,0,1,1,0.0
MSB-630,OPP_2D_20_3s_9I_0W,1000,1000,20,20,81190822,81190831,0,0,1200.001
MSB-630,OPP_2D_20_3s_9I_10W,1000,1000,20,20,0,0,1,1,0.007
MSB-630,OPP_2D_20_3s_9I_12W,1000,1000,20,20,0,0,1,1,0.0
MSB-630,OPP_2D_20_3s_9I_14W,1000,1000,20,20,0,0,1,1,0.0
MSB-630,OPP_2D_20_3s_9I_16W,1000,1000,20,20,0,0,1,1,0.0
MSB-630,OPP_2D_20_3s_9I_18W,1000,1000,20,20,0,0,1,1,0.0
MSB-630,OPP_2D_20_3s_9I_20W,1000,1000,20,20,0,0,1,1,0.0
MSB-630,OPP_2D_20_3s_9I_22W,1000,1000,20,20,0,0,1,1,0.0
MSB-630,OPP_2D_20_3s_9I_24W,1000,1000,20,20,0,0,1,1,0.0
MSB-630,OPP_2D_20_3s_9I_26W,1000,1000,20,20,0,0,1,1,0.0
MSB-630,OPP_2D_20_3s_9I_28W,1000,1000,20,20,0,0,1,1,0.0
MSB-630,OPP_2D_20_3s_9I_2W,1000,1000,20,20,58698021,58698033,0,0,1200.009
MSB-630,OPP_2D_20_3s_9I_30W,1000,1000,20,20,0,0,1,1,0.005
MSB-630,OPP_2D_20_3s_9I_32W,1000,1000,20,20,0,0,1,1,0.0
MSB-630,OPP_2D_20_3s_9I_34W,1000,1000,20,20,0,0,1,1,0.0
MSB-630,OPP_2D_20_3s_9I_36W,1000,1000,20,20,0,0,1,1,0.007
MSB-630,OPP_2D_20_3s_9I_38W,1000,1000,20,20,0,0,1,1,0.0
MSB-630,OPP_2D_20_3s_9I_40W,1000,1000,20,20,0,0,1,1,0.0
MSB-630,OPP_2D_20_3s_9I_4W,1000,1000,20,20,46900005,46900017,0,0,1200.001
MSB-630,OPP_2D_20_3s_9I_6W,1000,1000,20,20,0,0,1,1,0.004
MSB-630,OPP_2D_20_3s_9I_8W,1000,1000,20,20,0,0,1,1,0.008
