type,instance,W,H,m,n,exploredNodes,generatedNodes,liftCnt,addCutCnt,infeasibleSetSize,checkCnt,opt,feasible,time
CJCM,E00N10,20,20,10,10,0,1,0,0,0,0,1,0,0.002
CJCM,E00N15,20,20,15,15,477,477,0,0,0,0,1,0,0.232
CJCM,E00N23,20,20,23,23,558,558,0,0,0,0,1,0,0.227
CJCM,E00X23,20,20,23,23,1085,1085,5,5,67,889,1,0,0.608
CJCM,E02F17,20,20,17,17,1173,1323,30,30,285,4019,1,1,0.183
CJCM,E02F20,20,20,20,20,21,32,1,1,11,151,1,1,0.048
CJCM,E02F22,20,20,22,22,0,0,0,0,0,0,1,1,0.0
CJCM,E02N20,20,20,20,20,0,0,0,0,0,0,1,0,0.024
CJCM,E03N10,20,20,10,10,0,1,0,0,0,0,1,0,0.004
CJCM,E03N15,20,20,15,15,21,21,0,0,0,0,1,0,0.031
CJCM,E03N16,20,20,16,16,744,744,19,19,204,2782,1,0,0.152
CJCM,E03N17,20,20,17,17,50,50,0,0,0,0,1,0,0.036
CJCM,E03X18,20,20,18,18,1,1,0,0,0,0,1,1,0.02
CJCM,E04F15,20,20,15,15,361,421,2,2,16,234,1,1,0.069
CJCM,E04F17,20,20,17,17,0,0,0,0,0,0,1,1,0.0
CJCM,E04F19,20,20,19,19,0,0,0,0,0,0,1,1,0.0
CJCM,E04F20,20,20,20,20,0,0,0,0,0,0,1,1,0.0
CJCM,E04N15,20,20,15,15,47,47,0,0,0,0,1,0,0.027
CJCM,E04N17,20,20,17,17,0,1,0,0,0,0,1,0,0.01
CJCM,E04N18,20,20,18,18,14,14,0,0,0,0,1,0,0.038
CJCM,E05F15,20,20,15,15,103,132,0,0,0,0,1,1,0.041
CJCM,E05F18,20,20,18,18,0,0,0,0,0,0,1,1,0.002
CJCM,E05F20,20,20,20,20,0,0,0,0,0,0,1,1,0.002
CJCM,E05N15,20,20,15,15,0,0,0,0,0,0,1,0,0.012
CJCM,E05N17,20,20,17,17,211,211,0,0,0,0,1,0,0.053
CJCM,E05X15,20,20,15,15,18,18,0,0,0,0,1,0,0.022
CJCM,E07F15,20,20,15,15,1,1,0,0,0,0,1,1,0.011
CJCM,E07N10,20,20,10,10,0,1,0,0,0,0,1,0,0.002
CJCM,E07N15,20,20,15,15,0,1,0,0,0,0,1,0,0.006
CJCM,E07X15,20,20,15,15,94,94,0,0,0,0,1,0,0.03
CJCM,E08F15,20,20,15,15,1,1,0,0,0,0,1,1,0.013
CJCM,E08N15,20,20,15,15,0,1,0,0,0,0,1,0,0.007
CJCM,E10N10,20,20,10,10,0,1,0,0,0,0,1,0,0.003
CJCM,E10N15,20,20,15,15,0,0,0,0,0,0,1,0,0.006
CJCM,E10X15,20,20,15,15,108,108,0,0,0,0,1,0,0.032
CJCM,E13N10,20,20,10,10,8,8,0,0,0,0,1,0,0.007
CJCM,E13N15,20,20,15,15,502,502,0,0,0,0,1,0,0.054
CJCM,E13X15,20,20,15,15,0,0,0,0,0,0,1,0,0.006
CJCM,E15N10,20,20,10,10,0,0,0,0,0,0,1,0,0.008
CJCM,E15N15,20,20,15,15,4,4,0,0,0,0,1,0,0.012
CJCM,E20F15,20,20,15,15,0,0,0,0,0,0,1,1,0.0
CJCM,E20X15,20,20,15,15,0,0,0,0,0,0,1,1,0.0
MSB-450,OPP_2D_10_2s_10I_0W,100,100,10,10,0,0,0,0,0,0,1,0,0.001
MSB-450,OPP_2D_10_2s_10I_10W,100,100,10,10,0,0,0,0,0,0,1,0,0.0
MSB-450,OPP_2D_10_2s_10I_20W,100,100,10,10,0,0,0,0,0,0,1,1,0.001
MSB-450,OPP_2D_10_2s_10I_2W,100,100,10,10,0,0,0,0,0,0,1,0,0.015
MSB-450,OPP_2D_10_2s_10I_30W,100,100,10,10,0,0,0,0,0,0,1,1,0.001
MSB-450,OPP_2D_10_2s_10I_40W,100,100,10,10,0,0,0,0,0,0,1,1,0.0
MSB-450,OPP_2D_10_2s_10I_4W,100,100,10,10,0,0,0,0,0,0,1,0,0.018
MSB-450,OPP_2D_10_2s_10I_6W,100,100,10,10,0,0,0,0,0,0,1,0,0.0
MSB-450,OPP_2D_10_2s_10I_8W,100,100,10,10,0,0,0,0,0,0,1,1,0.0
MSB-450,OPP_2D_10_2s_1I_0W,100,100,10,10,0,1,0,0,0,0,1,0,0.011
MSB-450,OPP_2D_10_2s_1I_10W,100,100,10,10,0,0,0,0,0,0,1,1,0.001
MSB-450,OPP_2D_10_2s_1I_20W,100,100,10,10,0,0,0,0,0,0,1,1,0.0
MSB-450,OPP_2D_10_2s_1I_2W,100,100,10,10,86,86,0,0,0,0,1,0,0.041
MSB-450,OPP_2D_10_2s_1I_30W,100,100,10,10,0,0,0,0,0,0,1,1,0.0
MSB-450,OPP_2D_10_2s_1I_40W,100,100,10,10,0,0,0,0,0,0,1,1,0.0
MSB-450,OPP_2D_10_2s_1I_4W,100,100,10,10,4,4,0,0,0,0,1,0,0.038
MSB-450,OPP_2D_10_2s_1I_6W,100,100,10,10,227,227,0,0,0,0,1,0,0.036
MSB-450,OPP_2D_10_2s_1I_8W,100,100,10,10,0,0,0,0,0,0,1,1,0.001
MSB-450,OPP_2D_10_2s_2I_0W,100,100,10,10,0,0,0,0,0,0,1,0,0.0
MSB-450,OPP_2D_10_2s_2I_10W,100,100,10,10,0,0,0,0,0,0,1,1,0.0
MSB-450,OPP_2D_10_2s_2I_20W,100,100,10,10,0,0,0,0,0,0,1,1,0.0
MSB-450,OPP_2D_10_2s_2I_2W,100,100,10,10,3,3,0,0,0,0,1,0,0.018
MSB-450,OPP_2D_10_2s_2I_30W,100,100,10,10,0,0,0,0,0,0,1,1,0.0
MSB-450,OPP_2D_10_2s_2I_40W,100,100,10,10,0,0,0,0,0,0,1,1,0.0
MSB-450,OPP_2D_10_2s_2I_4W,100,100,10,10,0,0,0,0,0,0,1,0,0.006
MSB-450,OPP_2D_10_2s_2I_6W,100,100,10,10,0,0,0,0,0,0,1,0,0.0
MSB-450,OPP_2D_10_2s_2I_8W,100,100,10,10,0,0,0,0,0,0,1,1,0.0
MSB-450,OPP_2D_10_2s_3I_0W,100,100,10,10,0,0,0,0,0,0,1,0,0.026
MSB-450,OPP_2D_10_2s_3I_10W,100,100,10,10,0,0,0,0,0,0,1,1,0.0
MSB-450,OPP_2D_10_2s_3I_20W,100,100,10,10,0,0,0,0,0,0,1,1,0.0
MSB-450,OPP_2D_10_2s_3I_2W,100,100,10,10,0,0,0,0,0,0,1,0,0.016
MSB-450,OPP_2D_10_2s_3I_30W,100,100,10,10,0,0,0,0,0,0,1,1,0.0
MSB-450,OPP_2D_10_2s_3I_40W,100,100,10,10,0,0,0,0,0,0,1,1,0.0
MSB-450,OPP_2D_10_2s_3I_4W,100,100,10,10,0,0,0,0,0,0,1,0,0.019
MSB-450,OPP_2D_10_2s_3I_6W,100,100,10,10,0,0,0,0,0,0,1,0,0.013
MSB-450,OPP_2D_10_2s_3I_8W,100,100,10,10,0,0,0,0,0,0,1,1,0.001
MSB-450,OPP_2D_10_2s_4I_0W,100,100,10,10,0,0,0,0,0,0,1,0,0.008
MSB-450,OPP_2D_10_2s_4I_10W,100,100,10,10,0,0,0,0,0,0,1,1,0.0
MSB-450,OPP_2D_10_2s_4I_20W,100,100,10,10,0,0,0,0,0,0,1,1,0.0
MSB-450,OPP_2D_10_2s_4I_2W,100,100,10,10,96,96,0,0,0,0,1,0,0.038
MSB-450,OPP_2D_10_2s_4I_30W,100,100,10,10,0,0,0,0,0,0,1,1,0.0
MSB-450,OPP_2D_10_2s_4I_40W,100,100,10,10,0,0,0,0,0,0,1,1,0.0
MSB-450,OPP_2D_10_2s_4I_4W,100,100,10,10,0,0,0,0,0,0,1,0,0.007
MSB-450,OPP_2D_10_2s_4I_6W,100,100,10,10,43,43,0,0,0,0,1,0,0.028
MSB-450,OPP_2D_10_2s_4I_8W,100,100,10,10,0,0,0,0,0,0,1,1,0.0
MSB-450,OPP_2D_10_2s_5I_0W,100,100,10,10,0,0,0,0,0,0,1,0,0.007
MSB-450,OPP_2D_10_2s_5I_10W,100,100,10,10,0,0,0,0,0,0,1,1,0.0
MSB-450,OPP_2D_10_2s_5I_20W,100,100,10,10,0,0,0,0,0,0,1,1,0.0
MSB-450,OPP_2D_10_2s_5I_2W,100,100,10,10,0,0,0,0,0,0,1,0,0.0
MSB-450,OPP_2D_10_2s_5I_30W,100,100,10,10,0,0,0,0,0,0,1,1,0.0
MSB-450,OPP_2D_10_2s_5I_40W,100,100,10,10,0,0,0,0,0,0,1,1,0.0
MSB-450,OPP_2D_10_2s_5I_4W,100,100,10,10,0,0,0,0,0,0,1,0,0.014
MSB-450,OPP_2D_10_2s_5I_6W,100,100,10,10,210,273,1,1,9,206,1,1,0.036
MSB-450,OPP_2D_10_2s_5I_8W,100,100,10,10,0,0,0,0,0,0,1,1,0.0
MSB-450,OPP_2D_10_2s_6I_0W,100,100,10,10,0,0,0,0,0,0,1,0,0.001
MSB-450,OPP_2D_10_2s_6I_10W,100,100,10,10,0,0,0,0,0,0,1,1,0.0
MSB-450,OPP_2D_10_2s_6I_20W,100,100,10,10,0,0,0,0,0,0,1,1,0.0
MSB-450,OPP_2D_10_2s_6I_2W,100,100,10,10,3,3,0,0,0,0,1,0,0.012
MSB-450,OPP_2D_10_2s_6I_30W,100,100,10,10,0,0,0,0,0,0,1,1,0.0
MSB-450,OPP_2D_10_2s_6I_40W,100,100,10,10,0,0,0,0,0,0,1,1,0.0
MSB-450,OPP_2D_10_2s_6I_4W,100,100,10,10,186,186,0,0,0,0,1,0,0.044
MSB-450,OPP_2D_10_2s_6I_6W,100,100,10,10,673,673,3,3,21,552,1,0,0.105
MSB-450,OPP_2D_10_2s_6I_8W,100,100,10,10,0,0,0,0,0,0,1,1,0.0
MSB-450,OPP_2D_10_2s_7I_0W,100,100,10,10,0,0,0,0,0,0,1,1,0.0
MSB-450,OPP_2D_10_2s_7I_10W,100,100,10,10,0,0,0,0,0,0,1,1,0.001
MSB-450,OPP_2D_10_2s_7I_20W,100,100,10,10,0,0,0,0,0,0,1,1,0.0
MSB-450,OPP_2D_10_2s_7I_2W,100,100,10,10,4,4,0,0,0,0,1,0,0.019
MSB-450,OPP_2D_10_2s_7I_30W,100,100,10,10,0,0,0,0,0,0,1,1,0.0
MSB-450,OPP_2D_10_2s_7I_40W,100,100,10,10,0,0,0,0,0,0,1,1,0.0
MSB-450,OPP_2D_10_2s_7I_4W,100,100,10,10,268,268,0,0,0,0,1,0,0.048
MSB-450,OPP_2D_10_2s_7I_6W,100,100,10,10,0,0,0,0,0,0,1,0,0.0
MSB-450,OPP_2D_10_2s_7I_8W,100,100,10,10,375,375,0,0,0,0,1,0,0.058
MSB-450,OPP_2D_10_2s_8I_0W,100,100,10,10,0,0,0,0,0,0,1,0,0.0
MSB-450,OPP_2D_10_2s_8I_10W,100,100,10,10,0,0,0,0,0,0,1,1,0.0
MSB-450,OPP_2D_10_2s_8I_20W,100,100,10,10,0,0,0,0,0,0,1,1,0.0
MSB-450,OPP_2D_10_2s_8I_2W,100,100,10,10,49,49,0,0,0,0,1,0,0.029
MSB-450,OPP_2D_10_2s_8I_30W,100,100,10,10,0,0,0,0,0,0,1,1,0.0
MSB-450,OPP_2D_10_2s_8I_40W,100,100,10,10,0,0,0,0,0,0,1,1,0.001
MSB-450,OPP_2D_10_2s_8I_4W,100,100,10,10,0,0,0,0,0,0,1,0,0.0
MSB-450,OPP_2D_10_2s_8I_6W,100,100,10,10,26,26,0,0,0,0,1,0,0.028
MSB-450,OPP_2D_10_2s_8I_8W,100,100,10,10,64,64,0,0,0,0,1,0,0.02
MSB-450,OPP_2D_10_2s_9I_0W,100,100,10,10,0,0,0,0,0,0,1,0,0.007
MSB-450,OPP_2D_10_2s_9I_10W,100,100,10,10,0,0,0,0,0,0,1,1,0.001
MSB-450,OPP_2D_10_2s_9I_20W,100,100,10,10,0,0,0,0,0,0,1,1,0.0
MSB-450,OPP_2D_10_2s_9I_2W,100,100,10,10,0,0,0,0,0,0,1,0,0.0
MSB-450,OPP_2D_10_2s_9I_30W,100,100,10,10,0,0,0,0,0,0,1,1,0.0
MSB-450,OPP_2D_10_2s_9I_40W,100,100,10,10,0,0,0,0,0,0,1,1,0.001
MSB-450,OPP_2D_10_2s_9I_4W,100,100,10,10,120,120,0,0,0,0,1,0,0.044
MSB-450,OPP_2D_10_2s_9I_6W,100,100,10,10,987,987,0,0,0,0,1,0,0.132
MSB-450,OPP_2D_10_2s_9I_8W,100,100,10,10,0,0,0,0,0,0,1,1,0.0
MSB-450,OPP_2D_15_2s_10I_0W,100,100,15,15,16430,16430,0,0,0,0,1,0,6.709
MSB-450,OPP_2D_15_2s_10I_10W,100,100,15,15,0,0,0,0,0,0,1,1,0.002
MSB-450,OPP_2D_15_2s_10I_20W,100,100,15,15,0,0,0,0,0,0,1,1,0.0
MSB-450,OPP_2D_15_2s_10I_2W,100,100,15,15,2650,3359,14,14,129,2994,1,1,1.019
MSB-450,OPP_2D_15_2s_10I_30W,100,100,15,15,0,0,0,0,0,0,1,1,0.0
MSB-450,OPP_2D_15_2s_10I_40W,100,100,15,15,0,0,0,0,0,0,1,1,0.0
MSB-450,OPP_2D_15_2s_10I_4W,100,100,15,15,671,937,0,0,0,0,1,1,0.297
MSB-450,OPP_2D_15_2s_10I_6W,100,100,15,15,0,0,0,0,0,0,1,1,0.0
MSB-450,OPP_2D_15_2s_10I_8W,100,100,15,15,0,0,0,0,0,0,1,1,0.0
MSB-450,OPP_2D_15_2s_1I_0W,100,100,15,15,366,440,3,3,30,667,1,1,0.273
MSB-450,OPP_2D_15_2s_1I_10W,100,100,15,15,0,0,0,0,0,0,1,1,0.0
MSB-450,OPP_2D_15_2s_1I_20W,100,100,15,15,0,0,0,0,0,0,1,1,0.0
MSB-450,OPP_2D_15_2s_1I_2W,100,100,15,15,121,154,0,0,0,0,1,1,0.083
MSB-450,OPP_2D_15_2s_1I_30W,100,100,15,15,0,0,0,0,0,0,1,1,0.0
MSB-450,OPP_2D_15_2s_1I_40W,100,100,15,15,0,0,0,0,0,0,1,1,0.0
MSB-450,OPP_2D_15_2s_1I_4W,100,100,15,15,0,0,0,0,0,0,1,1,0.001
MSB-450,OPP_2D_15_2s_1I_6W,100,100,15,15,0,0,0,0,0,0,1,1,0.0
MSB-450,OPP_2D_15_2s_1I_8W,100,100,15,15,0,0,0,0,0,0,1,1,0.0
MSB-450,OPP_2D_15_2s_2I_0W,100,100,15,15,31100,31100,0,0,0,0,1,0,13.22
MSB-450,OPP_2D_15_2s_2I_10W,100,100,15,15,0,0,0,0,0,0,1,1,0.0
MSB-450,OPP_2D_15_2s_2I_20W,100,100,15,15,0,0,0,0,0,0,1,1,0.0
MSB-450,OPP_2D_15_2s_2I_2W,100,100,15,15,0,0,0,0,0,0,1,1,0.004
MSB-450,OPP_2D_15_2s_2I_30W,100,100,15,15,0,0,0,0,0,0,1,1,0.0
MSB-450,OPP_2D_15_2s_2I_40W,100,100,15,15,0,0,0,0,0,0,1,1,0.0
MSB-450,OPP_2D_15_2s_2I_4W,100,100,15,15,0,0,0,0,0,0,1,1,0.0
MSB-450,OPP_2D_15_2s_2I_6W,100,100,15,15,0,0,0,0,0,0,1,1,0.0
MSB-450,OPP_2D_15_2s_2I_8W,100,100,15,15,0,0,0,0,0,0,1,1,0.002
MSB-450,OPP_2D_15_2s_3I_0W,100,100,15,15,1113,1113,0,0,0,0,1,0,0.857
MSB-450,OPP_2D_15_2s_3I_10W,100,100,15,15,0,0,0,0,0,0,1,1,0.0
MSB-450,OPP_2D_15_2s_3I_20W,100,100,15,15,0,0,0,0,0,0,1,1,0.0
MSB-450,OPP_2D_15_2s_3I_2W,100,100,15,15,0,0,0,0,0,0,1,1,0.0
MSB-450,OPP_2D_15_2s_3I_30W,100,100,15,15,0,0,0,0,0,0,1,1,0.0
MSB-450,OPP_2D_15_2s_3I_40W,100,100,15,15,0,0,0,0,0,0,1,1,0.0
MSB-450,OPP_2D_15_2s_3I_4W,100,100,15,15,0,0,0,0,0,0,1,1,0.002
MSB-450,OPP_2D_15_2s_3I_6W,100,100,15,15,0,0,0,0,0,0,1,1,0.0
MSB-450,OPP_2D_15_2s_3I_8W,100,100,15,15,0,0,0,0,0,0,1,1,0.0
MSB-450,OPP_2D_15_2s_4I_0W,100,100,15,15,3435,3435,0,0,0,0,1,0,2.931
MSB-450,OPP_2D_15_2s_4I_10W,100,100,15,15,0,0,0,0,0,0,1,1,0.0
MSB-450,OPP_2D_15_2s_4I_20W,100,100,15,15,0,0,0,0,0,0,1,1,0.0
MSB-450,OPP_2D_15_2s_4I_2W,100,100,15,15,0,0,0,0,0,0,1,1,0.0
MSB-450,OPP_2D_15_2s_4I_30W,100,100,15,15,0,0,0,0,0,0,1,1,0.0
MSB-450,OPP_2D_15_2s_4I_40W,100,100,15,15,0,0,0,0,0,0,1,1,0.0
MSB-450,OPP_2D_15_2s_4I_4W,100,100,15,15,0,0,0,0,0,0,1,1,0.003
MSB-450,OPP_2D_15_2s_4I_6W,100,100,15,15,0,0,0,0,0,0,1,1,0.001
MSB-450,OPP_2D_15_2s_4I_8W,100,100,15,15,0,0,0,0,0,0,1,1,0.0
MSB-450,OPP_2D_15_2s_5I_0W,100,100,15,15,951,1399,13,13,146,3056,1,1,0.546
MSB-450,OPP_2D_15_2s_5I_10W,100,100,15,15,0,0,0,0,0,0,1,1,0.0
MSB-450,OPP_2D_15_2s_5I_20W,100,100,15,15,0,0,0,0,0,0,1,1,0.0
MSB-450,OPP_2D_15_2s_5I_2W,100,100,15,15,0,0,0,0,0,0,1,1,0.0
MSB-450,OPP_2D_15_2s_5I_30W,100,100,15,15,0,0,0,0,0,0,1,1,0.0
MSB-450,OPP_2D_15_2s_5I_40W,100,100,15,15,0,0,0,0,0,0,1,1,0.0
MSB-450,OPP_2D_15_2s_5I_4W,100,100,15,15,0,0,0,0,0,0,1,1,0.0
MSB-450,OPP_2D_15_2s_5I_6W,100,100,15,15,0,0,0,0,0,0,1,1,0.002
MSB-450,OPP_2D_15_2s_5I_8W,100,100,15,15,0,0,0,0,0,0,1,1,0.0
MSB-450,OPP_2D_15_2s_6I_0W,100,100,15,15,85786,85786,0,0,0,0,1,0,20.824
MSB-450,OPP_2D_15_2s_6I_10W,100,100,15,15,0,0,0,0,0,0,1,1,0.0
MSB-450,OPP_2D_15_2s_6I_20W,100,100,15,15,0,0,0,0,0,0,1,1,0.0
MSB-450,OPP_2D_15_2s_6I_2W,100,100,15,15,241,313,0,0,0,0,1,1,0.132
MSB-450,OPP_2D_15_2s_6I_30W,100,100,15,15,0,0,0,0,0,0,1,1,0.0
MSB-450,OPP_2D_15_2s_6I_40W,100,100,15,15,0,0,0,0,0,0,1,1,0.0
MSB-450,OPP_2D_15_2s_6I_4W,100,100,15,15,477,585,0,0,0,0,1,1,0.176
MSB-450,OPP_2D_15_2s_6I_6W,100,100,15,15,0,0,0,0,0,0,1,1,0.001
MSB-450,OPP_2D_15_2s_6I_8W,100,100,15,15,0,0,0,0,0,0,1,1,0.0
MSB-450,OPP_2D_15_2s_7I_0W,100,100,15,15,65412,65412,0,0,0,0,1,0,37.941
MSB-450,OPP_2D_15_2s_7I_10W,100,100,15,15,0,0,0,0,0,0,1,1,0.0
MSB-450,OPP_2D_15_2s_7I_20W,100,100,15,15,0,0,0,0,0,0,1,1,0.0
MSB-450,OPP_2D_15_2s_7I_2W,100,100,15,15,11123,11123,0,0,0,0,1,0,3.779
MSB-450,OPP_2D_15_2s_7I_30W,100,100,15,15,0,0,0,0,0,0,1,1,0.0
MSB-450,OPP_2D_15_2s_7I_40W,100,100,15,15,0,0,0,0,0,0,1,1,0.001
MSB-450,OPP_2D_15_2s_7I_4W,100,100,15,15,0,0,0,0,0,0,1,1,0.0
MSB-450,OPP_2D_15_2s_7I_6W,100,100,15,15,0,0,0,0,0,0,1,1,0.0
MSB-450,OPP_2D_15_2s_7I_8W,100,100,15,15,0,0,0,0,0,0,1,1,0.0
MSB-450,OPP_2D_15_2s_8I_0W,100,100,15,15,72726,72726,0,0,0,0,1,0,44.819
MSB-450,OPP_2D_15_2s_8I_10W,100,100,15,15,0,0,0,0,0,0,1,1,0.0
MSB-450,OPP_2D_15_2s_8I_20W,100,100,15,15,0,0,0,0,0,0,1,1,0.0
MSB-450,OPP_2D_15_2s_8I_2W,100,100,15,15,0,0,0,0,0,0,1,1,0.001
MSB-450,OPP_2D_15_2s_8I_30W,100,100,15,15,0,0,0,0,0,0,1,1,0.001
MSB-450,OPP_2D_15_2s_8I_40W,100,100,15,15,0,0,0,0,0,0,1,1,0.0
MSB-450,OPP_2D_15_2s_8I_4W,100,100,15,15,0,0,0,0,0,0,1,1,0.0
MSB-450,OPP_2D_15_2s_8I_6W,100,100,15,15,0,0,0,0,0,0,1,1,0.0
MSB-450,OPP_2D_15_2s_8I_8W,100,100,15,15,0,0,0,0,0,0,1,1,0.0
MSB-450,OPP_2D_15_2s_9I_0W,100,100,15,15,20989,22322,0,0,0,0,1,1,6.095
MSB-450,OPP_2D_15_2s_9I_10W,100,100,15,15,0,0,0,0,0,0,1,1,0.0
MSB-450,OPP_2D_15_2s_9I_20W,100,100,15,15,0,0,0,0,0,0,1,1,0.0
MSB-450,OPP_2D_15_2s_9I_2W,100,100,15,15,0,0,0,0,0,0,1,1,0.003
MSB-450,OPP_2D_15_2s_9I_30W,100,100,15,15,0,0,0,0,0,0,1,1,0.0
MSB-450,OPP_2D_15_2s_9I_40W,100,100,15,15,0,0,0,0,0,0,1,1,0.0
MSB-450,OPP_2D_15_2s_9I_4W,100,100,15,15,10786,10786,0,0,0,0,1,0,7.218
MSB-450,OPP_2D_15_2s_9I_6W,100,100,15,15,0,0,0,0,0,0,1,1,0.0
MSB-450,OPP_2D_15_2s_9I_8W,100,100,15,15,0,0,0,0,0,0,1,1,0.0
MSB-450,OPP_2D_20_2s_10I_0W,100,100,20,20,2471,2920,0,0,0,0,1,1,1.504
MSB-450,OPP_2D_20_2s_10I_10W,100,100,20,20,0,0,0,0,0,0,1,1,0.001
MSB-450,OPP_2D_20_2s_10I_20W,100,100,20,20,0,0,0,0,0,0,1,1,0.0
MSB-450,OPP_2D_20_2s_10I_2W,100,100,20,20,0,0,0,0,0,0,1,1,0.001
MSB-450,OPP_2D_20_2s_10I_30W,100,100,20,20,0,0,0,0,0,0,1,1,0.0
MSB-450,OPP_2D_20_2s_10I_40W,100,100,20,20,0,0,0,0,0,0,1,1,0.0
MSB-450,OPP_2D_20_2s_10I_4W,100,100,20,20,0,0,0,0,0,0,1,1,0.0
MSB-450,OPP_2D_20_2s_10I_6W,100,100,20,20,0,0,0,0,0,0,1,1,0.0
MSB-450,OPP_2D_20_2s_10I_8W,100,100,20,20,0,0,0,0,0,0,1,1,0.0
MSB-450,OPP_2D_20_2s_1I_0W,100,100,20,20,0,0,0,0,0,0,1,1,0.01
MSB-450,OPP_2D_20_2s_1I_10W,100,100,20,20,0,0,0,0,0,0,1,1,0.0
MSB-450,OPP_2D_20_2s_1I_20W,100,100,20,20,0,0,0,0,0,0,1,1,0.001
MSB-450,OPP_2D_20_2s_1I_2W,100,100,20,20,0,0,0,0,0,0,1,1,0.001
MSB-450,OPP_2D_20_2s_1I_30W,100,100,20,20,0,0,0,0,0,0,1,1,0.0
MSB-450,OPP_2D_20_2s_1I_40W,100,100,20,20,0,0,0,0,0,0,1,1,0.001
MSB-450,OPP_2D_20_2s_1I_4W,100,100,20,20,0,0,0,0,0,0,1,1,0.001
MSB-450,OPP_2D_20_2s_1I_6W,100,100,20,20,0,0,0,0,0,0,1,1,0.0
MSB-450,OPP_2D_20_2s_1I_8W,100,100,20,20,0,0,0,0,0,0,1,1,0.0
MSB-450,OPP_2D_20_2s_2I_0W,100,100,20,20,0,0,0,0,0,0,1,1,0.001
MSB-450,OPP_2D_20_2s_2I_10W,100,100,20,20,0,0,0,0,0,0,1,1,0.001
MSB-450,OPP_2D_20_2s_2I_20W,100,100,20,20,0,0,0,0,0,0,1,1,0.0
MSB-450,OPP_2D_20_2s_2I_2W,100,100,20,20,0,0,0,0,0,0,1,1,0.0
MSB-450,OPP_2D_20_2s_2I_30W,100,100,20,20,0,0,0,0,0,0,1,1,0.0
MSB-450,OPP_2D_20_2s_2I_40W,100,100,20,20,0,0,0,0,0,0,1,1,0.0
MSB-450,OPP_2D_20_2s_2I_4W,100,100,20,20,0,0,0,0,0,0,1,1,0.0
MSB-450,OPP_2D_20_2s_2I_6W,100,100,20,20,0,0,0,0,0,0,1,1,0.001
MSB-450,OPP_2D_20_2s_2I_8W,100,100,20,20,0,0,0,0,0,0,1,1,0.0
MSB-450,OPP_2D_20_2s_3I_0W,100,100,20,20,2012,2202,0,0,0,0,1,1,1.328
MSB-450,OPP_2D_20_2s_3I_10W,100,100,20,20,0,0,0,0,0,0,1,1,0.001
MSB-450,OPP_2D_20_2s_3I_20W,100,100,20,20,0,0,0,0,0,0,1,1,0.0
MSB-450,OPP_2D_20_2s_3I_2W,100,100,20,20,0,0,0,0,0,0,1,1,0.001
MSB-450,OPP_2D_20_2s_3I_30W,100,100,20,20,0,0,0,0,0,0,1,1,0.0
MSB-450,OPP_2D_20_2s_3I_40W,100,100,20,20,0,0,0,0,0,0,1,1,0.001
MSB-450,OPP_2D_20_2s_3I_4W,100,100,20,20,0,0,0,0,0,0,1,1,0.001
MSB-450,OPP_2D_20_2s_3I_6W,100,100,20,20,0,0,0,0,0,0,1,1,0.0
MSB-450,OPP_2D_20_2s_3I_8W,100,100,20,20,0,0,0,0,0,0,1,1,0.0
MSB-450,OPP_2D_20_2s_4I_0W,100,100,20,20,0,0,0,0,0,0,1,1,0.003
MSB-450,OPP_2D_20_2s_4I_10W,100,100,20,20,0,0,0,0,0,0,1,1,0.0
MSB-450,OPP_2D_20_2s_4I_20W,100,100,20,20,0,0,0,0,0,0,1,1,0.002
MSB-450,OPP_2D_20_2s_4I_2W,100,100,20,20,0,0,0,0,0,0,1,1,0.0
MSB-450,OPP_2D_20_2s_4I_30W,100,100,20,20,0,0,0,0,0,0,1,1,0.0
MSB-450,OPP_2D_20_2s_4I_40W,100,100,20,20,0,0,0,0,0,0,1,1,0.0
MSB-450,OPP_2D_20_2s_4I_4W,100,100,20,20,0,0,0,0,0,0,1,1,0.001
MSB-450,OPP_2D_20_2s_4I_6W,100,100,20,20,0,0,0,0,0,0,1,1,0.001
MSB-450,OPP_2D_20_2s_4I_8W,100,100,20,20,0,0,0,0,0,0,1,1,0.0
MSB-450,OPP_2D_20_2s_5I_0W,100,100,20,20,325,383,4,4,40,899,1,1,0.415
MSB-450,OPP_2D_20_2s_5I_10W,100,100,20,20,0,0,0,0,0,0,1,1,0.001
MSB-450,OPP_2D_20_2s_5I_20W,100,100,20,20,0,0,0,0,0,0,1,1,0.001
MSB-450,OPP_2D_20_2s_5I_2W,100,100,20,20,0,0,0,0,0,0,1,1,0.001
MSB-450,OPP_2D_20_2s_5I_30W,100,100,20,20,0,0,0,0,0,0,1,1,0.0
MSB-450,OPP_2D_20_2s_5I_40W,100,100,20,20,0,0,0,0,0,0,1,1,0.001
MSB-450,OPP_2D_20_2s_5I_4W,100,100,20,20,0,0,0,0,0,0,1,1,0.0
MSB-450,OPP_2D_20_2s_5I_6W,100,100,20,20,0,0,0,0,0,0,1,1,0.0
MSB-450,OPP_2D_20_2s_5I_8W,100,100,20,20,0,0,0,0,0,0,1,1,0.0
MSB-450,OPP_2D_20_2s_6I_0W,100,100,20,20,35551,42607,0,0,0,0,1,1,12.029
MSB-450,OPP_2D_20_2s_6I_10W,100,100,20,20,0,0,0,0,0,0,1,1,0.0
MSB-450,OPP_2D_20_2s_6I_20W,100,100,20,20,0,0,0,0,0,0,1,1,0.0
MSB-450,OPP_2D_20_2s_6I_2W,100,100,20,20,0,0,0,0,0,0,1,1,0.0
MSB-450,OPP_2D_20_2s_6I_30W,100,100,20,20,0,0,0,0,0,0,1,1,0.0
MSB-450,OPP_2D_20_2s_6I_40W,100,100,20,20,0,0,0,0,0,0,1,1,0.0
MSB-450,OPP_2D_20_2s_6I_4W,100,100,20,20,0,0,0,0,0,0,1,1,0.0
MSB-450,OPP_2D_20_2s_6I_6W,100,100,20,20,0,0,0,0,0,0,1,1,0.002
MSB-450,OPP_2D_20_2s_6I_8W,100,100,20,20,0,0,0,0,0,0,1,1,0.001
MSB-450,OPP_2D_20_2s_7I_0W,100,100,20,20,72245,100564,79,79,907,19047,1,1,44.821
MSB-450,OPP_2D_20_2s_7I_10W,100,100,20,20,0,0,0,0,0,0,1,1,0.0
MSB-450,OPP_2D_20_2s_7I_20W,100,100,20,20,0,0,0,0,0,0,1,1,0.0
MSB-450,OPP_2D_20_2s_7I_2W,100,100,20,20,0,0,0,0,0,0,1,1,0.004
MSB-450,OPP_2D_20_2s_7I_30W,100,100,20,20,0,0,0,0,0,0,1,1,0.0
MSB-450,OPP_2D_20_2s_7I_40W,100,100,20,20,0,0,0,0,0,0,1,1,0.0
MSB-450,OPP_2D_20_2s_7I_4W,100,100,20,20,0,0,0,0,0,0,1,1,0.0
MSB-450,OPP_2D_20_2s_7I_6W,100,100,20,20,0,0,0,0,0,0,1,1,0.0
MSB-450,OPP_2D_20_2s_7I_8W,100,100,20,20,0,0,0,0,0,0,1,1,0.0
MSB-450,OPP_2D_20_2s_8I_0W,100,100,20,20,14421,16557,159,159,1863,38741,1,1,6.981
MSB-450,OPP_2D_20_2s_8I_10W,100,100,20,20,0,0,0,0,0,0,1,1,0.0
MSB-450,OPP_2D_20_2s_8I_20W,100,100,20,20,0,0,0,0,0,0,1,1,0.001
MSB-450,OPP_2D_20_2s_8I_2W,100,100,20,20,0,0,0,0,0,0,1,1,0.0
MSB-450,OPP_2D_20_2s_8I_30W,100,100,20,20,0,0,0,0,0,0,1,1,0.0
MSB-450,OPP_2D_20_2s_8I_40W,100,100,20,20,0,0,0,0,0,0,1,1,0.0
MSB-450,OPP_2D_20_2s_8I_4W,100,100,20,20,0,0,0,0,0,0,1,1,0.001
MSB-450,OPP_2D_20_2s_8I_6W,100,100,20,20,0,0,0,0,0,0,1,1,0.001
MSB-450,OPP_2D_20_2s_8I_8W,100,100,20,20,0,0,0,0,0,0,1,1,0.0
MSB-450,OPP_2D_20_2s_9I_0W,100,100,20,20,99731,110235,173,173,2266,44752,1,1,40.09
MSB-450,OPP_2D_20_2s_9I_10W,100,100,20,20,0,0,0,0,0,0,1,1,0.0
MSB-450,OPP_2D_20_2s_9I_20W,100,100,20,20,0,0,0,0,0,0,1,1,0.0
MSB-450,OPP_2D_20_2s_9I_2W,100,100,20,20,0,0,0,0,0,0,1,1,0.002
MSB-450,OPP_2D_20_2s_9I_30W,100,100,20,20,0,0,0,0,0,0,1,1,0.0
MSB-450,OPP_2D_20_2s_9I_40W,100,100,20,20,0,0,0,0,0,0,1,1,0.0
MSB-450,OPP_2D_20_2s_9I_4W,100,100,20,20,0,0,0,0,0,0,1,1,0.0
MSB-450,OPP_2D_20_2s_9I_6W,100,100,20,20,0,0,0,0,0,0,1,1,0.0
MSB-450,OPP_2D_20_2s_9I_8W,100,100,20,20,0,0,0,0,0,0,1,1,0.0
MSB-450,OPP_2D_25_2s_10I_0W,100,100,25,25,0,0,0,0,0,0,1,1,0.002
MSB-450,OPP_2D_25_2s_10I_10W,100,100,25,25,0,0,0,0,0,0,1,1,0.0
MSB-450,OPP_2D_25_2s_10I_20W,100,100,25,25,0,0,0,0,0,0,1,1,0.0
MSB-450,OPP_2D_25_2s_10I_2W,100,100,25,25,0,0,0,0,0,0,1,1,0.0
MSB-450,OPP_2D_25_2s_10I_30W,100,100,25,25,0,0,0,0,0,0,1,1,0.001
MSB-450,OPP_2D_25_2s_10I_40W,100,100,25,25,0,0,0,0,0,0,1,1,0.0
MSB-450,OPP_2D_25_2s_10I_4W,100,100,25,25,0,0,0,0,0,0,1,1,0.0
MSB-450,OPP_2D_25_2s_10I_6W,100,100,25,25,0,0,0,0,0,0,1,1,0.001
MSB-450,OPP_2D_25_2s_10I_8W,100,100,25,25,0,0,0,0,0,0,1,1,0.001
MSB-450,OPP_2D_25_2s_1I_0W,100,100,25,25,0,0,0,0,0,0,1,1,0.0
MSB-450,OPP_2D_25_2s_1I_10W,100,100,25,25,0,0,0,0,0,0,1,1,0.0
MSB-450,OPP_2D_25_2s_1I_20W,100,100,25,25,0,0,0,0,0,0,1,1,0.002
MSB-450,OPP_2D_25_2s_1I_2W,100,100,25,25,0,0,0,0,0,0,1,1,0.0
MSB-450,OPP_2D_25_2s_1I_30W,100,100,25,25,0,0,0,0,0,0,1,1,0.0
MSB-450,OPP_2D_25_2s_1I_40W,100,100,25,25,0,0,0,0,0,0,1,1,0.0
MSB-450,OPP_2D_25_2s_1I_4W,100,100,25,25,0,0,0,0,0,0,1,1,0.0
MSB-450,OPP_2D_25_2s_1I_6W,100,100,25,25,0,0,0,0,0,0,1,1,0.0
MSB-450,OPP_2D_25_2s_1I_8W,100,100,25,25,0,0,0,0,0,0,1,1,0.0
MSB-450,OPP_2D_25_2s_2I_0W,100,100,25,25,0,0,0,0,0,0,1,1,0.001
MSB-450,OPP_2D_25_2s_2I_10W,100,100,25,25,0,0,0,0,0,0,1,1,0.001
MSB-450,OPP_2D_25_2s_2I_20W,100,100,25,25,0,0,0,0,0,0,1,1,0.0
MSB-450,OPP_2D_25_2s_2I_2W,100,100,25,25,0,0,0,0,0,0,1,1,0.001
MSB-450,OPP_2D_25_2s_2I_30W,100,100,25,25,0,0,0,0,0,0,1,1,0.001
MSB-450,OPP_2D_25_2s_2I_40W,100,100,25,25,0,0,0,0,0,0,1,1,0.0
MSB-450,OPP_2D_25_2s_2I_4W,100,100,25,25,0,0,0,0,0,0,1,1,0.002
MSB-450,OPP_2D_25_2s_2I_6W,100,100,25,25,0,0,0,0,0,0,1,1,0.0
MSB-450,OPP_2D_25_2s_2I_8W,100,100,25,25,0,0,0,0,0,0,1,1,0.0
MSB-450,OPP_2D_25_2s_3I_0W,100,100,25,25,0,0,0,0,0,0,1,1,0.001
MSB-450,OPP_2D_25_2s_3I_10W,100,100,25,25,0,0,0,0,0,0,1,1,0.0
MSB-450,OPP_2D_25_2s_3I_20W,100,100,25,25,0,0,0,0,0,0,1,1,0.0
MSB-450,OPP_2D_25_2s_3I_2W,100,100,25,25,0,0,0,0,0,0,1,1,0.001
MSB-450,OPP_2D_25_2s_3I_30W,100,100,25,25,0,0,0,0,0,0,1,1,0.0
MSB-450,OPP_2D_25_2s_3I_40W,100,100,25,25,0,0,0,0,0,0,1,1,0.001
MSB-450,OPP_2D_25_2s_3I_4W,100,100,25,25,0,0,0,0,0,0,1,1,0.0
MSB-450,OPP_2D_25_2s_3I_6W,100,100,25,25,0,0,0,0,0,0,1,1,0.0
MSB-450,OPP_2D_25_2s_3I_8W,100,100,25,25,0,0,0,0,0,0,1,1,0.001
MSB-450,OPP_2D_25_2s_4I_0W,100,100,25,25,0,0,0,0,0,0,1,1,0.002
MSB-450,OPP_2D_25_2s_4I_10W,100,100,25,25,0,0,0,0,0,0,1,1,0.0
MSB-450,OPP_2D_25_2s_4I_20W,100,100,25,25,0,0,0,0,0,0,1,1,0.0
MSB-450,OPP_2D_25_2s_4I_2W,100,100,25,25,0,0,0,0,0,0,1,1,0.001
MSB-450,OPP_2D_25_2s_4I_30W,100,100,25,25,0,0,0,0,0,0,1,1,0.0
MSB-450,OPP_2D_25_2s_4I_40W,100,100,25,25,0,0,0,0,0,0,1,1,0.001
MSB-450,OPP_2D_25_2s_4I_4W,100,100,25,25,0,0,0,0,0,0,1,1,0.0
MSB-450,OPP_2D_25_2s_4I_6W,100,100,25,25,0,0,0,0,0,0,1,1,0.0
MSB-450,OPP_2D_25_2s_4I_8W,100,100,25,25,0,0,0,0,0,0,1,1,0.001
MSB-450,OPP_2D_25_2s_5I_0W,100,100,25,25,0,0,0,0,0,0,1,1,0.007
MSB-450,OPP_2D_25_2s_5I_10W,100,100,25,25,0,0,0,0,0,0,1,1,0.0
MSB-450,OPP_2D_25_2s_5I_20W,100,100,25,25,0,0,0,0,0,0,1,1,0.0
MSB-450,OPP_2D_25_2s_5I_2W,100,100,25,25,0,0,0,0,0,0,1,1,0.0
MSB-450,OPP_2D_25_2s_5I_30W,100,100,25,25,0,0,0,0,0,0,1,1,0.0
MSB-450,OPP_2D_25_2s_5I_40W,100,100,25,25,0,0,0,0,0,0,1,1,0.0
MSB-450,OPP_2D_25_2s_5I_4W,100,100,25,25,0,0,0,0,0,0,1,1,0.0
MSB-450,OPP_2D_25_2s_5I_6W,100,100,25,25,0,0,0,0,0,0,1,1,0.0
MSB-450,OPP_2D_25_2s_5I_8W,100,100,25,25,0,0,0,0,0,0,1,1,0.001
MSB-450,OPP_2D_25_2s_6I_0W,100,100,25,25,5394,7862,4,4,58,1105,1,1,3.56
MSB-450,OPP_2D_25_2s_6I_10W,100,100,25,25,0,0,0,0,0,0,1,1,0.0
MSB-450,OPP_2D_25_2s_6I_20W,100,100,25,25,0,0,0,0,0,0,1,1,0.002
MSB-450,OPP_2D_25_2s_6I_2W,100,100,25,25,0,0,0,0,0,0,1,1,0.0
MSB-450,OPP_2D_25_2s_6I_30W,100,100,25,25,0,0,0,0,0,0,1,1,0.0
MSB-450,OPP_2D_25_2s_6I_40W,100,100,25,25,0,0,0,0,0,0,1,1,0.0
MSB-450,OPP_2D_25_2s_6I_4W,100,100,25,25,0,0,0,0,0,0,1,1,0.0
MSB-450,OPP_2D_25_2s_6I_6W,100,100,25,25,0,0,0,0,0,0,1,1,0.001
MSB-450,OPP_2D_25_2s_6I_8W,100,100,25,25,0,0,0,0,0,0,1,1,0.001
MSB-450,OPP_2D_25_2s_7I_0W,100,100,25,25,0,0,0,0,0,0,1,1,0.017
MSB-450,OPP_2D_25_2s_7I_10W,100,100,25,25,0,0,0,0,0,0,1,1,0.0
MSB-450,OPP_2D_25_2s_7I_20W,100,100,25,25,0,0,0,0,0,0,1,1,0.001
MSB-450,OPP_2D_25_2s_7I_2W,100,100,25,25,0,0,0,0,0,0,1,1,0.0
MSB-450,OPP_2D_25_2s_7I_30W,100,100,25,25,0,0,0,0,0,0,1,1,0.001
MSB-450,OPP_2D_25_2s_7I_40W,100,100,25,25,0,0,0,0,0,0,1,1,0.001
MSB-450,OPP_2D_25_2s_7I_4W,100,100,25,25,0,0,0,0,0,0,1,1,0.0
MSB-450,OPP_2D_25_2s_7I_6W,100,100,25,25,0,0,0,0,0,0,1,1,0.001
MSB-450,OPP_2D_25_2s_7I_8W,100,100,25,25,0,0,0,0,0,0,1,1,0.0
MSB-450,OPP_2D_25_2s_8I_0W,100,100,25,25,0,0,0,0,0,0,1,1,0.017
MSB-450,OPP_2D_25_2s_8I_10W,100,100,25,25,0,0,0,0,0,0,1,1,0.0
MSB-450,OPP_2D_25_2s_8I_20W,100,100,25,25,0,0,0,0,0,0,1,1,0.0
MSB-450,OPP_2D_25_2s_8I_2W,100,100,25,25,0,0,0,0,0,0,1,1,0.001
MSB-450,OPP_2D_25_2s_8I_30W,100,100,25,25,0,0,0,0,0,0,1,1,0.0
MSB-450,OPP_2D_25_2s_8I_40W,100,100,25,25,0,0,0,0,0,0,1,1,0.0
MSB-450,OPP_2D_25_2s_8I_4W,100,100,25,25,0,0,0,0,0,0,1,1,0.0
MSB-450,OPP_2D_25_2s_8I_6W,100,100,25,25,0,0,0,0,0,0,1,1,0.0
MSB-450,OPP_2D_25_2s_8I_8W,100,100,25,25,0,0,0,0,0,0,1,1,0.0
MSB-450,OPP_2D_25_2s_9I_0W,100,100,25,25,0,0,0,0,0,0,1,1,0.001
MSB-450,OPP_2D_25_2s_9I_10W,100,100,25,25,0,0,0,0,0,0,1,1,0.0
MSB-450,OPP_2D_25_2s_9I_20W,100,100,25,25,0,0,0,0,0,0,1,1,0.001
MSB-450,OPP_2D_25_2s_9I_2W,100,100,25,25,0,0,0,0,0,0,1,1,0.001
MSB-450,OPP_2D_25_2s_9I_30W,100,100,25,25,0,0,0,0,0,0,1,1,0.0
MSB-450,OPP_2D_25_2s_9I_40W,100,100,25,25,0,0,0,0,0,0,1,1,0.001
MSB-450,OPP_2D_25_2s_9I_4W,100,100,25,25,0,0,0,0,0,0,1,1,0.0
MSB-450,OPP_2D_25_2s_9I_6W,100,100,25,25,0,0,0,0,0,0,1,1,0.0
MSB-450,OPP_2D_25_2s_9I_8W,100,100,25,25,0,0,0,0,0,0,1,1,0.0
MSB-450,OPP_2D_30_2s_10I_0W,100,100,30,30,0,0,0,0,0,0,1,1,0.001
MSB-450,OPP_2D_30_2s_10I_10W,100,100,30,30,0,0,0,0,0,0,1,1,0.0
MSB-450,OPP_2D_30_2s_10I_20W,100,100,30,30,0,0,0,0,0,0,1,1,0.001
MSB-450,OPP_2D_30_2s_10I_2W,100,100,30,30,0,0,0,0,0,0,1,1,0.001
MSB-450,OPP_2D_30_2s_10I_30W,100,100,30,30,0,0,0,0,0,0,1,1,0.0
MSB-450,OPP_2D_30_2s_10I_40W,100,100,30,30,0,0,0,0,0,0,1,1,0.001
MSB-450,OPP_2D_30_2s_10I_4W,100,100,30,30,0,0,0,0,0,0,1,1,0.001
MSB-450,OPP_2D_30_2s_10I_6W,100,100,30,30,0,0,0,0,0,0,1,1,0.002
MSB-450,OPP_2D_30_2s_10I_8W,100,100,30,30,0,0,0,0,0,0,1,1,0.001
MSB-450,OPP_2D_30_2s_1I_0W,100,100,30,30,0,0,0,0,0,0,1,1,0.0
MSB-450,OPP_2D_30_2s_1I_10W,100,100,30,30,0,0,0,0,0,0,1,1,0.0
MSB-450,OPP_2D_30_2s_1I_20W,100,100,30,30,0,0,0,0,0,0,1,1,0.001
MSB-450,OPP_2D_30_2s_1I_2W,100,100,30,30,0,0,0,0,0,0,1,1,0.001
MSB-450,OPP_2D_30_2s_1I_30W,100,100,30,30,0,0,0,0,0,0,1,1,0.0
MSB-450,OPP_2D_30_2s_1I_40W,100,100,30,30,0,0,0,0,0,0,1,1,0.0
MSB-450,OPP_2D_30_2s_1I_4W,100,100,30,30,0,0,0,0,0,0,1,1,0.001
MSB-450,OPP_2D_30_2s_1I_6W,100,100,30,30,0,0,0,0,0,0,1,1,0.001
MSB-450,OPP_2D_30_2s_1I_8W,100,100,30,30,0,0,0,0,0,0,1,1,0.0
MSB-450,OPP_2D_30_2s_2I_0W,100,100,30,30,0,0,0,0,0,0,1,1,0.001
MSB-450,OPP_2D_30_2s_2I_10W,100,100,30,30,0,0,0,0,0,0,1,1,0.0
MSB-450,OPP_2D_30_2s_2I_20W,100,100,30,30,0,0,0,0,0,0,1,1,0.0
MSB-450,OPP_2D_30_2s_2I_2W,100,100,30,30,0,0,0,0,0,0,1,1,0.0
MSB-450,OPP_2D_30_2s_2I_30W,100,100,30,30,0,0,0,0,0,0,1,1,0.0
MSB-450,OPP_2D_30_2s_2I_40W,100,100,30,30,0,0,0,0,0,0,1,1,0.0
MSB-450,OPP_2D_30_2s_2I_4W,100,100,30,30,0,0,0,0,0,0,1,1,0.001
MSB-450,OPP_2D_30_2s_2I_6W,100,100,30,30,0,0,0,0,0,0,1,1,0.001
MSB-450,OPP_2D_30_2s_2I_8W,100,100,30,30,0,0,0,0,0,0,1,1,0.001
MSB-450,OPP_2D_30_2s_3I_0W,100,100,30,30,0,0,0,0,0,0,1,1,0.0
MSB-450,OPP_2D_30_2s_3I_10W,100,100,30,30,0,0,0,0,0,0,1,1,0.001
MSB-450,OPP_2D_30_2s_3I_20W,100,100,30,30,0,0,0,0,0,0,1,1,0.001
MSB-450,OPP_2D_30_2s_3I_2W,100,100,30,30,0,0,0,0,0,0,1,1,0.001
MSB-450,OPP_2D_30_2s_3I_30W,100,100,30,30,0,0,0,0,0,0,1,1,0.0
MSB-450,OPP_2D_30_2s_3I_40W,100,100,30,30,0,0,0,0,0,0,1,1,0.001
MSB-450,OPP_2D_30_2s_3I_4W,100,100,30,30,0,0,0,0,0,0,1,1,0.0
MSB-450,OPP_2D_30_2s_3I_6W,100,100,30,30,0,0,0,0,0,0,1,1,0.001
MSB-450,OPP_2D_30_2s_3I_8W,100,100,30,30,0,0,0,0,0,0,1,1,0.0
MSB-450,OPP_2D_30_2s_4I_0W,100,100,30,30,0,0,0,0,0,0,1,1,0.004
MSB-450,OPP_2D_30_2s_4I_10W,100,100,30,30,0,0,0,0,0,0,1,1,0.0
MSB-450,OPP_2D_30_2s_4I_20W,100,100,30,30,0,0,0,0,0,0,1,1,0.0
MSB-450,OPP_2D_30_2s_4I_2W,100,100,30,30,0,0,0,0,0,0,1,1,0.001
MSB-450,OPP_2D_30_2s_4I_30W,100,100,30,30,0,0,0,0,0,0,1,1,0.0
MSB-450,OPP_2D_30_2s_4I_40W,100,100,30,30,0,0,0,0,0,0,1,1,0.0
MSB-450,OPP_2D_30_2s_4I_4W,100,100,30,30,0,0,0,0,0,0,1,1,0.001
MSB-450,OPP_2D_30_2s_4I_6W,100,100,30,30,0,0,0,0,0,0,1,1,0.0
MSB-450,OPP_2D_30_2s_4I_8W,100,100,30,30,0,0,0,0,0,0,1,1,0.001
MSB-450,OPP_2D_30_2s_5I_0W,100,100,30,30,0,0,0,0,0,0,1,1,0.001
MSB-450,OPP_2D_30_2s_5I_10W,100,100,30,30,0,0,0,0,0,0,1,1,0.0
MSB-450,OPP_2D_30_2s_5I_20W,100,100,30,30,0,0,0,0,0,0,1,1,0.0
MSB-450,OPP_2D_30_2s_5I_2W,100,100,30,30,0,0,0,0,0,0,1,1,0.001
MSB-450,OPP_2D_30_2s_5I_30W,100,100,30,30,0,0,0,0,0,0,1,1,0.0
MSB-450,OPP_2D_30_2s_5I_40W,100,100,30,30,0,0,0,0,0,0,1,1,0.001
MSB-450,OPP_2D_30_2s_5I_4W,100,100,30,30,0,0,0,0,0,0,1,1,0.001
MSB-450,OPP_2D_30_2s_5I_6W,100,100,30,30,0,0,0,0,0,0,1,1,0.0
MSB-450,OPP_2D_30_2s_5I_8W,100,100,30,30,0,0,0,0,0,0,1,1,0.001
MSB-450,OPP_2D_30_2s_6I_0W,100,100,30,30,0,0,0,0,0,0,1,1,0.001
MSB-450,OPP_2D_30_2s_6I_10W,100,100,30,30,0,0,0,0,0,0,1,1,0.0
MSB-450,OPP_2D_30_2s_6I_20W,100,100,30,30,0,0,0,0,0,0,1,1,0.0
MSB-450,OPP_2D_30_2s_6I_2W,100,100,30,30,0,0,0,0,0,0,1,1,0.002
MSB-450,OPP_2D_30_2s_6I_30W,100,100,30,30,0,0,0,0,0,0,1,1,0.001
MSB-450,OPP_2D_30_2s_6I_40W,100,100,30,30,0,0,0,0,0,0,1,1,0.0
MSB-450,OPP_2D_30_2s_6I_4W,100,100,30,30,0,0,0,0,0,0,1,1,0.0
MSB-450,OPP_2D_30_2s_6I_6W,100,100,30,30,0,0,0,0,0,0,1,1,0.001
MSB-450,OPP_2D_30_2s_6I_8W,100,100,30,30,0,0,0,0,0,0,1,1,0.0
MSB-450,OPP_2D_30_2s_7I_0W,100,100,30,30,0,0,0,0,0,0,1,1,0.003
MSB-450,OPP_2D_30_2s_7I_10W,100,100,30,30,0,0,0,0,0,0,1,1,0.0
MSB-450,OPP_2D_30_2s_7I_20W,100,100,30,30,0,0,0,0,0,0,1,1,0.0
MSB-450,OPP_2D_30_2s_7I_2W,100,100,30,30,0,0,0,0,0,0,1,1,0.0
MSB-450,OPP_2D_30_2s_7I_30W,100,100,30,30,0,0,0,0,0,0,1,1,0.0
MSB-450,OPP_2D_30_2s_7I_40W,100,100,30,30,0,0,0,0,0,0,1,1,0.001
MSB-450,OPP_2D_30_2s_7I_4W,100,100,30,30,0,0,0,0,0,0,1,1,0.0
MSB-450,OPP_2D_30_2s_7I_6W,100,100,30,30,0,0,0,0,0,0,1,1,0.002
MSB-450,OPP_2D_30_2s_7I_8W,100,100,30,30,0,0,0,0,0,0,1,1,0.0
MSB-450,OPP_2D_30_2s_8I_0W,100,100,30,30,0,0,0,0,0,0,1,1,0.001
MSB-450,OPP_2D_30_2s_8I_10W,100,100,30,30,0,0,0,0,0,0,1,1,0.0
MSB-450,OPP_2D_30_2s_8I_20W,100,100,30,30,0,0,0,0,0,0,1,1,0.001
MSB-450,OPP_2D_30_2s_8I_2W,100,100,30,30,0,0,0,0,0,0,1,1,0.0
MSB-450,OPP_2D_30_2s_8I_30W,100,100,30,30,0,0,0,0,0,0,1,1,0.001
MSB-450,OPP_2D_30_2s_8I_40W,100,100,30,30,0,0,0,0,0,0,1,1,0.0
MSB-450,OPP_2D_30_2s_8I_4W,100,100,30,30,0,0,0,0,0,0,1,1,0.0
MSB-450,OPP_2D_30_2s_8I_6W,100,100,30,30,0,0,0,0,0,0,1,1,0.0
MSB-450,OPP_2D_30_2s_8I_8W,100,100,30,30,0,0,0,0,0,0,1,1,0.0
MSB-450,OPP_2D_30_2s_9I_0W,100,100,30,30,0,0,0,0,0,0,1,1,0.002
MSB-450,OPP_2D_30_2s_9I_10W,100,100,30,30,0,0,0,0,0,0,1,1,0.001
MSB-450,OPP_2D_30_2s_9I_20W,100,100,30,30,0,0,0,0,0,0,1,1,0.0
MSB-450,OPP_2D_30_2s_9I_2W,100,100,30,30,0,0,0,0,0,0,1,1,0.0
MSB-450,OPP_2D_30_2s_9I_30W,100,100,30,30,0,0,0,0,0,0,1,1,0.001
MSB-450,OPP_2D_30_2s_9I_40W,100,100,30,30,0,0,0,0,0,0,1,1,0.0
MSB-450,OPP_2D_30_2s_9I_4W,100,100,30,30,0,0,0,0,0,0,1,1,0.001
MSB-450,OPP_2D_30_2s_9I_6W,100,100,30,30,0,0,0,0,0,0,1,1,0.001
MSB-450,OPP_2D_30_2s_9I_8W,100,100,30,30,0,0,0,0,0,0,1,1,0.001
MSB-630,OPP_2D_20_1s_10I_0W,1000,1000,20,20,5356,7073,0,0,0,0,0,0,307.564
MSB-630,OPP_2D_20_1s_10I_10W,1000,1000,20,20,0,0,0,0,0,0,1,1,0.002
MSB-630,OPP_2D_20_1s_10I_12W,1000,1000,20,20,0,0,0,0,0,0,1,1,0.002
MSB-630,OPP_2D_20_1s_10I_14W,1000,1000,20,20,0,0,0,0,0,0,1,1,0.002
MSB-630,OPP_2D_20_1s_10I_16W,1000,1000,20,20,0,0,0,0,0,0,1,1,0.0
MSB-630,OPP_2D_20_1s_10I_18W,1000,1000,20,20,0,0,0,0,0,0,1,1,0.001
MSB-630,OPP_2D_20_1s_10I_20W,1000,1000,20,20,0,0,0,0,0,0,1,1,0.001
MSB-630,OPP_2D_20_1s_10I_22W,1000,1000,20,20,0,0,0,0,0,0,1,1,0.002
MSB-630,OPP_2D_20_1s_10I_24W,1000,1000,20,20,0,0,0,0,0,0,1,1,0.002
MSB-630,OPP_2D_20_1s_10I_26W,1000,1000,20,20,0,0,0,0,0,0,1,1,0.002
MSB-630,OPP_2D_20_1s_10I_28W,1000,1000,20,20,0,0,0,0,0,0,1,1,0.002
MSB-630,OPP_2D_20_1s_10I_2W,1000,1000,20,20,8721,11478,0,0,0,0,0,0,307.555
MSB-630,OPP_2D_20_1s_10I_30W,1000,1000,20,20,0,0,0,0,0,0,1,1,0.002
MSB-630,OPP_2D_20_1s_10I_32W,1000,1000,20,20,0,0,0,0,0,0,1,1,0.003
MSB-630,OPP_2D_20_1s_10I_34W,1000,1000,20,20,0,0,0,0,0,0,1,1,0.002
MSB-630,OPP_2D_20_1s_10I_36W,1000,1000,20,20,0,0,0,0,0,0,1,1,0.001
MSB-630,OPP_2D_20_1s_10I_38W,1000,1000,20,20,0,0,0,0,0,0,1,1,0.002
MSB-630,OPP_2D_20_1s_10I_40W,1000,1000,20,20,0,0,0,0,0,0,1,1,0.003
MSB-630,OPP_2D_20_1s_10I_4W,1000,1000,20,20,33201,36236,0,0,0,0,1,1,227.406
MSB-630,OPP_2D_20_1s_10I_6W,1000,1000,20,20,0,0,0,0,0,0,1,1,0.002
MSB-630,OPP_2D_20_1s_10I_8W,1000,1000,20,20,0,0,0,0,0,0,1,1,0.001
MSB-630,OPP_2D_20_1s_1I_0W,1000,1000,20,20,2676,3493,0,0,0,0,0,0,307.542
MSB-630,OPP_2D_20_1s_1I_10W,1000,1000,20,20,0,0,0,0,0,0,1,1,0.002
MSB-630,OPP_2D_20_1s_1I_12W,1000,1000,20,20,0,0,0,0,0,0,1,1,0.001
MSB-630,OPP_2D_20_1s_1I_14W,1000,1000,20,20,0,0,0,0,0,0,1,1,0.003
MSB-630,OPP_2D_20_1s_1I_16W,1000,1000,20,20,0,0,0,0,0,0,1,1,0.001
MSB-630,OPP_2D_20_1s_1I_18W,1000,1000,20,20,0,0,0,0,0,0,1,1,0.001
MSB-630,OPP_2D_20_1s_1I_20W,1000,1000,20,20,0,0,0,0,0,0,1,1,0.002
MSB-630,OPP_2D_20_1s_1I_22W,1000,1000,20,20,0,0,0,0,0,0,1,1,0.001
MSB-630,OPP_2D_20_1s_1I_24W,1000,1000,20,20,0,0,0,0,0,0,1,1,0.002
MSB-630,OPP_2D_20_1s_1I_26W,1000,1000,20,20,0,0,0,0,0,0,1,1,0.001
MSB-630,OPP_2D_20_1s_1I_28W,1000,1000,20,20,0,0,0,0,0,0,1,1,0.001
MSB-630,OPP_2D_20_1s_1I_2W,1000,1000,20,20,26108,42709,0,0,0,0,0,0,307.591
MSB-630,OPP_2D_20_1s_1I_30W,1000,1000,20,20,0,0,0,0,0,0,1,1,0.001
MSB-630,OPP_2D_20_1s_1I_32W,1000,1000,20,20,0,0,0,0,0,0,1,1,0.003
MSB-630,OPP_2D_20_1s_1I_34W,1000,1000,20,20,0,0,0,0,0,0,1,1,0.001
MSB-630,OPP_2D_20_1s_1I_36W,1000,1000,20,20,0,0,0,0,0,0,1,1,0.001
MSB-630,OPP_2D_20_1s_1I_38W,1000,1000,20,20,0,0,0,0,0,0,1,1,0.001
MSB-630,OPP_2D_20_1s_1I_40W,1000,1000,20,20,0,0,0,0,0,0,1,1,0.002
MSB-630,OPP_2D_20_1s_1I_4W,1000,1000,20,20,48165,65447,0,0,0,0,0,0,307.601
MSB-630,OPP_2D_20_1s_1I_6W,1000,1000,20,20,0,0,0,0,0,0,1,1,0.015
MSB-630,OPP_2D_20_1s_1I_8W,1000,1000,20,20,0,0,0,0,0,0,1,1,0.002
MSB-630,OPP_2D_20_1s_2I_0W,1000,1000,20,20,4166,5841,0,0,0,0,0,0,307.552
MSB-630,OPP_2D_20_1s_2I_10W,1000,1000,20,20,0,0,0,0,0,0,1,1,0.001
MSB-630,OPP_2D_20_1s_2I_12W,1000,1000,20,20,0,0,0,0,0,0,1,1,0.003
MSB-630,OPP_2D_20_1s_2I_14W,1000,1000,20,20,0,0,0,0,0,0,1,1,0.001
MSB-630,OPP_2D_20_1s_2I_16W,1000,1000,20,20,0,0,0,0,0,0,1,1,0.002
MSB-630,OPP_2D_20_1s_2I_18W,1000,1000,20,20,0,0,0,0,0,0,1,1,0.002
MSB-630,OPP_2D_20_1s_2I_20W,1000,1000,20,20,0,0,0,0,0,0,1,1,0.002
MSB-630,OPP_2D_20_1s_2I_22W,1000,1000,20,20,0,0,0,0,0,0,1,1,0.001
MSB-630,OPP_2D_20_1s_2I_24W,1000,1000,20,20,0,0,0,0,0,0,1,1,0.002
MSB-630,OPP_2D_20_1s_2I_26W,1000,1000,20,20,0,0,0,0,0,0,1,1,0.002
MSB-630,OPP_2D_20_1s_2I_28W,1000,1000,20,20,0,0,0,0,0,0,1,1,0.002
MSB-630,OPP_2D_20_1s_2I_2W,1000,1000,20,20,93915,101860,0,0,0,0,0,0,307.582
MSB-630,OPP_2D_20_1s_2I_30W,1000,1000,20,20,0,0,0,0,0,0,1,1,0.001
MSB-630,OPP_2D_20_1s_2I_32W,1000,1000,20,20,0,0,0,0,0,0,1,1,0.002
MSB-630,OPP_2D_20_1s_2I_34W,1000,1000,20,20,0,0,0,0,0,0,1,1,0.001
MSB-630,OPP_2D_20_1s_2I_36W,1000,1000,20,20,0,0,0,0,0,0,1,1,0.003
MSB-630,OPP_2D_20_1s_2I_38W,1000,1000,20,20,0,0,0,0,0,0,1,1,0.002
MSB-630,OPP_2D_20_1s_2I_40W,1000,1000,20,20,0,0,0,0,0,0,1,1,0.002
MSB-630,OPP_2D_20_1s_2I_4W,1000,1000,20,20,6404,7517,70,70,941,81444,1,1,50.956
MSB-630,OPP_2D_20_1s_2I_6W,1000,1000,20,20,0,0,0,0,0,0,1,1,0.005
MSB-630,OPP_2D_20_1s_2I_8W,1000,1000,20,20,0,0,0,0,0,0,1,1,0.002
MSB-630,OPP_2D_20_1s_3I_0W,1000,1000,20,20,2731,3898,0,0,0,0,0,0,307.546
MSB-630,OPP_2D_20_1s_3I_10W,1000,1000,20,20,0,0,0,0,0,0,1,1,0.001
MSB-630,OPP_2D_20_1s_3I_12W,1000,1000,20,20,0,0,0,0,0,0,1,1,0.003
MSB-630,OPP_2D_20_1s_3I_14W,1000,1000,20,20,0,0,0,0,0,0,1,1,0.002
MSB-630,OPP_2D_20_1s_3I_16W,1000,1000,20,20,0,0,0,0,0,0,1,1,0.002
MSB-630,OPP_2D_20_1s_3I_18W,1000,1000,20,20,0,0,0,0,0,0,1,1,0.002
MSB-630,OPP_2D_20_1s_3I_20W,1000,1000,20,20,0,0,0,0,0,0,1,1,0.002
MSB-630,OPP_2D_20_1s_3I_22W,1000,1000,20,20,0,0,0,0,0,0,1,1,0.001
MSB-630,OPP_2D_20_1s_3I_24W,1000,1000,20,20,0,0,0,0,0,0,1,1,0.002
MSB-630,OPP_2D_20_1s_3I_26W,1000,1000,20,20,0,0,0,0,0,0,1,1,0.001
MSB-630,OPP_2D_20_1s_3I_28W,1000,1000,20,20,0,0,0,0,0,0,1,1,0.001
MSB-630,OPP_2D_20_1s_3I_2W,1000,1000,20,20,34773,55421,0,0,0,0,0,0,307.606
MSB-630,OPP_2D_20_1s_3I_30W,1000,1000,20,20,0,0,0,0,0,0,1,1,0.001
MSB-630,OPP_2D_20_1s_3I_32W,1000,1000,20,20,0,0,0,0,0,0,1,1,0.002
MSB-630,OPP_2D_20_1s_3I_34W,1000,1000,20,20,0,0,0,0,0,0,1,1,0.001
MSB-630,OPP_2D_20_1s_3I_36W,1000,1000,20,20,0,0,0,0,0,0,1,1,0.001
MSB-630,OPP_2D_20_1s_3I_38W,1000,1000,20,20,0,0,0,0,0,0,1,1,0.003
MSB-630,OPP_2D_20_1s_3I_40W,1000,1000,20,20,0,0,0,0,0,0,1,1,0.002
MSB-630,OPP_2D_20_1s_3I_4W,1000,1000,20,20,48663,54064,0,0,0,0,0,0,307.575
MSB-630,OPP_2D_20_1s_3I_6W,1000,1000,20,20,12796,17500,0,0,0,0,1,1,149.853
MSB-630,OPP_2D_20_1s_3I_8W,1000,1000,20,20,0,0,0,0,0,0,1,1,0.002
MSB-630,OPP_2D_20_1s_4I_0W,1000,1000,20,20,489,489,0,0,0,0,1,0,83.253
MSB-630,OPP_2D_20_1s_4I_10W,1000,1000,20,20,0,0,0,0,0,0,1,1,0.003
MSB-630,OPP_2D_20_1s_4I_12W,1000,1000,20,20,0,0,0,0,0,0,1,1,0.003
MSB-630,OPP_2D_20_1s_4I_14W,1000,1000,20,20,0,0,0,0,0,0,1,1,0.002
MSB-630,OPP_2D_20_1s_4I_16W,1000,1000,20,20,0,0,0,0,0,0,1,1,0.004
MSB-630,OPP_2D_20_1s_4I_18W,1000,1000,20,20,0,0,0,0,0,0,1,1,0.003
MSB-630,OPP_2D_20_1s_4I_20W,1000,1000,20,20,0,0,0,0,0,0,1,1,0.003
MSB-630,OPP_2D_20_1s_4I_22W,1000,1000,20,20,0,0,0,0,0,0,1,1,0.003
MSB-630,OPP_2D_20_1s_4I_24W,1000,1000,20,20,0,0,0,0,0,0,1,1,0.003
MSB-630,OPP_2D_20_1s_4I_26W,1000,1000,20,20,0,0,0,0,0,0,1,1,0.003
MSB-630,OPP_2D_20_1s_4I_28W,1000,1000,20,20,0,0,0,0,0,0,1,1,0.002
MSB-630,OPP_2D_20_1s_4I_2W,1000,1000,20,20,12905,19325,0,0,0,0,0,0,307.556
MSB-630,OPP_2D_20_1s_4I_30W,1000,1000,20,20,0,0,0,0,0,0,1,1,0.002
MSB-630,OPP_2D_20_1s_4I_32W,1000,1000,20,20,0,0,0,0,0,0,1,1,0.002
MSB-630,OPP_2D_20_1s_4I_34W,1000,1000,20,20,0,0,0,0,0,0,1,1,0.001
MSB-630,OPP_2D_20_1s_4I_36W,1000,1000,20,20,0,0,0,0,0,0,1,1,0.002
MSB-630,OPP_2D_20_1s_4I_38W,1000,1000,20,20,0,0,0,0,0,0,1,1,0.003
MSB-630,OPP_2D_20_1s_4I_40W,1000,1000,20,20,0,0,0,0,0,0,1,1,0.002
MSB-630,OPP_2D_20_1s_4I_4W,1000,1000,20,20,123170,130158,0,0,0,0,0,0,307.57
MSB-630,OPP_2D_20_1s_4I_6W,1000,1000,20,20,0,0,0,0,0,0,1,1,0.003
MSB-630,OPP_2D_20_1s_4I_8W,1000,1000,20,20,0,0,0,0,0,0,1,1,0.002
MSB-630,OPP_2D_20_1s_5I_0W,1000,1000,20,20,2085,2607,0,0,0,0,0,0,307.531
MSB-630,OPP_2D_20_1s_5I_10W,1000,1000,20,20,0,0,0,0,0,0,1,1,0.01
MSB-630,OPP_2D_20_1s_5I_12W,1000,1000,20,20,0,0,0,0,0,0,1,1,0.002
MSB-630,OPP_2D_20_1s_5I_14W,1000,1000,20,20,0,0,0,0,0,0,1,1,0.002
MSB-630,OPP_2D_20_1s_5I_16W,1000,1000,20,20,0,0,0,0,0,0,1,1,0.002
MSB-630,OPP_2D_20_1s_5I_18W,1000,1000,20,20,0,0,0,0,0,0,1,1,0.002
MSB-630,OPP_2D_20_1s_5I_20W,1000,1000,20,20,0,0,0,0,0,0,1,1,0.001
MSB-630,OPP_2D_20_1s_5I_22W,1000,1000,20,20,0,0,0,0,0,0,1,1,0.002
MSB-630,OPP_2D_20_1s_5I_24W,1000,1000,20,20,0,0,0,0,0,0,1,1,0.001
MSB-630,OPP_2D_20_1s_5I_26W,1000,1000,20,20,0,0,0,0,0,0,1,1,0.002
MSB-630,OPP_2D_20_1s_5I_28W,1000,1000,20,20,0,0,0,0,0,0,1,1,0.002
MSB-630,OPP_2D_20_1s_5I_2W,1000,1000,20,20,13655,18703,0,0,0,0,0,0,307.559
MSB-630,OPP_2D_20_1s_5I_30W,1000,1000,20,20,0,0,0,0,0,0,1,1,0.002
MSB-630,OPP_2D_20_1s_5I_32W,1000,1000,20,20,0,0,0,0,0,0,1,1,0.002
MSB-630,OPP_2D_20_1s_5I_34W,1000,1000,20,20,0,0,0,0,0,0,1,1,0.003
MSB-630,OPP_2D_20_1s_5I_36W,1000,1000,20,20,0,0,0,0,0,0,1,1,0.003
MSB-630,OPP_2D_20_1s_5I_38W,1000,1000,20,20,0,0,0,0,0,0,1,1,0.004
MSB-630,OPP_2D_20_1s_5I_40W,1000,1000,20,20,0,0,0,0,0,0,1,1,0.004
MSB-630,OPP_2D_20_1s_5I_4W,1000,1000,20,20,12844,18388,0,0,0,0,0,0,307.575
MSB-630,OPP_2D_20_1s_5I_6W,1000,1000,20,20,15950,17233,1567,1567,16415,1773933,1,1,119.414
MSB-630,OPP_2D_20_1s_5I_8W,1000,1000,20,20,0,0,0,0,0,0,1,1,0.002
MSB-630,OPP_2D_20_1s_6I_0W,1000,1000,20,20,1994,2577,0,0,0,0,0,0,307.55
MSB-630,OPP_2D_20_1s_6I_10W,1000,1000,20,20,0,0,0,0,0,0,1,1,0.003
MSB-630,OPP_2D_20_1s_6I_12W,1000,1000,20,20,0,0,0,0,0,0,1,1,0.002
MSB-630,OPP_2D_20_1s_6I_14W,1000,1000,20,20,0,0,0,0,0,0,1,1,0.003
MSB-630,OPP_2D_20_1s_6I_16W,1000,1000,20,20,0,0,0,0,0,0,1,1,0.002
MSB-630,OPP_2D_20_1s_6I_18W,1000,1000,20,20,0,0,0,0,0,0,1,1,0.002
MSB-630,OPP_2D_20_1s_6I_20W,1000,1000,20,20,0,0,0,0,0,0,1,1,0.001
MSB-630,OPP_2D_20_1s_6I_22W,1000,1000,20,20,0,0,0,0,0,0,1,1,0.002
MSB-630,OPP_2D_20_1s_6I_24W,1000,1000,20,20,0,0,0,0,0,0,1,1,0.002
MSB-630,OPP_2D_20_1s_6I_26W,1000,1000,20,20,0,0,0,0,0,0,1,1,0.001
MSB-630,OPP_2D_20_1s_6I_28W,1000,1000,20,20,0,0,0,0,0,0,1,1,0.003
MSB-630,OPP_2D_20_1s_6I_2W,1000,1000,20,20,32672,39599,0,0,0,0,0,0,307.564
MSB-630,OPP_2D_20_1s_6I_30W,1000,1000,20,20,0,0,0,0,0,0,1,1,0.002
MSB-630,OPP_2D_20_1s_6I_32W,1000,1000,20,20,0,0,0,0,0,0,1,1,0.002
MSB-630,OPP_2D_20_1s_6I_34W,1000,1000,20,20,0,0,0,0,0,0,1,1,0.002
MSB-630,OPP_2D_20_1s_6I_36W,1000,1000,20,20,0,0,0,0,0,0,1,1,0.004
MSB-630,OPP_2D_20_1s_6I_38W,1000,1000,20,20,0,0,0,0,0,0,1,1,0.001
MSB-630,OPP_2D_20_1s_6I_40W,1000,1000,20,20,0,0,0,0,0,0,1,1,0.003
MSB-630,OPP_2D_20_1s_6I_4W,1000,1000,20,20,58490,67251,0,0,0,0,0,0,307.59
MSB-630,OPP_2D_20_1s_6I_6W,1000,1000,20,20,0,0,0,0,0,0,1,1,0.003
MSB-630,OPP_2D_20_1s_6I_8W,1000,1000,20,20,0,0,0,0,0,0,1,1,0.002
MSB-630,OPP_2D_20_1s_7I_0W,1000,1000,20,20,5124,6693,0,0,0,0,0,0,307.55
MSB-630,OPP_2D_20_1s_7I_10W,1000,1000,20,20,0,0,0,0,0,0,1,1,0.001
MSB-630,OPP_2D_20_1s_7I_12W,1000,1000,20,20,0,0,0,0,0,0,1,1,0.002
MSB-630,OPP_2D_20_1s_7I_14W,1000,1000,20,20,0,0,0,0,0,0,1,1,0.001
MSB-630,OPP_2D_20_1s_7I_16W,1000,1000,20,20,0,0,0,0,0,0,1,1,0.002
MSB-630,OPP_2D_20_1s_7I_18W,1000,1000,20,20,0,0,0,0,0,0,1,1,0.001
MSB-630,OPP_2D_20_1s_7I_20W,1000,1000,20,20,0,0,0,0,0,0,1,1,0.002
MSB-630,OPP_2D_20_1s_7I_22W,1000,1000,20,20,0,0,0,0,0,0,1,1,0.002
MSB-630,OPP_2D_20_1s_7I_24W,1000,1000,20,20,0,0,0,0,0,0,1,1,0.002
MSB-630,OPP_2D_20_1s_7I_26W,1000,1000,20,20,0,0,0,0,0,0,1,1,0.001
MSB-630,OPP_2D_20_1s_7I_28W,1000,1000,20,20,0,0,0,0,0,0,1,1,0.002
MSB-630,OPP_2D_20_1s_7I_2W,1000,1000,20,20,29834,33616,0,0,0,0,0,0,307.557
MSB-630,OPP_2D_20_1s_7I_30W,1000,1000,20,20,0,0,0,0,0,0,1,1,0.002
MSB-630,OPP_2D_20_1s_7I_32W,1000,1000,20,20,0,0,0,0,0,0,1,1,0.002
MSB-630,OPP_2D_20_1s_7I_34W,1000,1000,20,20,0,0,0,0,0,0,1,1,0.002
MSB-630,OPP_2D_20_1s_7I_36W,1000,1000,20,20,0,0,0,0,0,0,1,1,0.002
MSB-630,OPP_2D_20_1s_7I_38W,1000,1000,20,20,0,0,0,0,0,0,1,1,0.002
MSB-630,OPP_2D_20_1s_7I_40W,1000,1000,20,20,0,0,0,0,0,0,1,1,0.003
MSB-630,OPP_2D_20_1s_7I_4W,1000,1000,20,20,100512,113617,0,0,0,0,0,0,307.571
MSB-630,OPP_2D_20_1s_7I_6W,1000,1000,20,20,0,0,0,0,0,0,1,1,0.008
MSB-630,OPP_2D_20_1s_7I_8W,1000,1000,20,20,0,0,0,0,0,0,1,1,0.004
MSB-630,OPP_2D_20_1s_8I_0W,1000,1000,20,20,2191,2562,0,0,0,0,0,0,307.533
MSB-630,OPP_2D_20_1s_8I_10W,1000,1000,20,20,0,0,0,0,0,0,1,1,0.002
MSB-630,OPP_2D_20_1s_8I_12W,1000,1000,20,20,0,0,0,0,0,0,1,1,0.001
MSB-630,OPP_2D_20_1s_8I_14W,1000,1000,20,20,0,0,0,0,0,0,1,1,0.003
MSB-630,OPP_2D_20_1s_8I_16W,1000,1000,20,20,0,0,0,0,0,0,1,1,0.002
MSB-630,OPP_2D_20_1s_8I_18W,1000,1000,20,20,0,0,0,0,0,0,1,1,0.001
MSB-630,OPP_2D_20_1s_8I_20W,1000,1000,20,20,0,0,0,0,0,0,1,1,0.002
MSB-630,OPP_2D_20_1s_8I_22W,1000,1000,20,20,0,0,0,0,0,0,1,1,0.002
MSB-630,OPP_2D_20_1s_8I_24W,1000,1000,20,20,0,0,0,0,0,0,1,1,0.002
MSB-630,OPP_2D_20_1s_8I_26W,1000,1000,20,20,0,0,0,0,0,0,1,1,0.001
MSB-630,OPP_2D_20_1s_8I_28W,1000,1000,20,20,0,0,0,0,0,0,1,1,0.002
MSB-630,OPP_2D_20_1s_8I_2W,1000,1000,20,20,2700,2700,0,0,0,0,1,0,189.314
MSB-630,OPP_2D_20_1s_8I_30W,1000,1000,20,20,0,0,0,0,0,0,1,1,0.003
MSB-630,OPP_2D_20_1s_8I_32W,1000,1000,20,20,0,0,0,0,0,0,1,1,0.002
MSB-630,OPP_2D_20_1s_8I_34W,1000,1000,20,20,0,0,0,0,0,0,1,1,0.001
MSB-630,OPP_2D_20_1s_8I_36W,1000,1000,20,20,0,0,0,0,0,0,1,1,0.003
MSB-630,OPP_2D_20_1s_8I_38W,1000,1000,20,20,0,0,0,0,0,0,1,1,0.002
MSB-630,OPP_2D_20_1s_8I_40W,1000,1000,20,20,0,0,0,0,0,0,1,1,0.003
MSB-630,OPP_2D_20_1s_8I_4W,1000,1000,20,20,4763,5856,0,0,0,0,1,1,31.626
MSB-630,OPP_2D_20_1s_8I_6W,1000,1000,20,20,0,0,0,0,0,0,1,1,0.002
MSB-630,OPP_2D_20_1s_8I_8W,1000,1000,20,20,0,0,0,0,0,0,1,1,0.002
MSB-630,OPP_2D_20_1s_9I_0W,1000,1000,20,20,1327,1767,0,0,0,0,0,0,307.556
MSB-630,OPP_2D_20_1s_9I_10W,1000,1000,20,20,0,0,0,0,0,0,1,1,0.002
MSB-630,OPP_2D_20_1s_9I_12W,1000,1000,20,20,0,0,0,0,0,0,1,1,0.003
MSB-630,OPP_2D_20_1s_9I_14W,1000,1000,20,20,0,0,0,0,0,0,1,1,0.002
MSB-630,OPP_2D_20_1s_9I_16W,1000,1000,20,20,0,0,0,0,0,0,1,1,0.002
MSB-630,OPP_2D_20_1s_9I_18W,1000,1000,20,20,0,0,0,0,0,0,1,1,0.001
MSB-630,OPP_2D_20_1s_9I_20W,1000,1000,20,20,0,0,0,0,0,0,1,1,0.003
MSB-630,OPP_2D_20_1s_9I_22W,1000,1000,20,20,0,0,0,0,0,0,1,1,0.002
MSB-630,OPP_2D_20_1s_9I_24W,1000,1000,20,20,0,0,0,0,0,0,1,1,0.002
MSB-630,OPP_2D_20_1s_9I_26W,1000,1000,20,20,0,0,0,0,0,0,1,1,0.001
MSB-630,OPP_2D_20_1s_9I_28W,1000,1000,20,20,0,0,0,0,0,0,1,1,0.002
MSB-630,OPP_2D_20_1s_9I_2W,1000,1000,20,20,11549,14195,0,0,0,0,0,0,307.561
MSB-630,OPP_2D_20_1s_9I_30W,1000,1000,20,20,0,0,0,0,0,0,1,1,0.002
MSB-630,OPP_2D_20_1s_9I_32W,1000,1000,20,20,0,0,0,0,0,0,1,1,0.002
MSB-630,OPP_2D_20_1s_9I_34W,1000,1000,20,20,0,0,0,0,0,0,1,1,0.002
MSB-630,OPP_2D_20_1s_9I_36W,1000,1000,20,20,0,0,0,0,0,0,1,1,0.001
MSB-630,OPP_2D_20_1s_9I_38W,1000,1000,20,20,0,0,0,0,0,0,1,1,0.002
MSB-630,OPP_2D_20_1s_9I_40W,1000,1000,20,20,0,0,0,0,0,0,1,1,0.002
MSB-630,OPP_2D_20_1s_9I_4W,1000,1000,20,20,21701,32261,1,1,12,1147,1,1,137.58
MSB-630,OPP_2D_20_1s_9I_6W,1000,1000,20,20,0,0,0,0,0,0,1,1,0.011
MSB-630,OPP_2D_20_1s_9I_8W,1000,1000,20,20,0,0,0,0,0,0,1,1,0.001
MSB-630,OPP_2D_20_20s_10I_0W,1000,1000,20,20,988,988,0,0,0,0,1,0,69.056
MSB-630,OPP_2D_20_20s_10I_10W,1000,1000,20,20,0,0,0,0,0,0,1,1,0.002
MSB-630,OPP_2D_20_20s_10I_12W,1000,1000,20,20,0,0,0,0,0,0,1,1,0.002
MSB-630,OPP_2D_20_20s_10I_14W,1000,1000,20,20,0,0,0,0,0,0,1,1,0.003
MSB-630,OPP_2D_20_20s_10I_16W,1000,1000,20,20,0,0,0,0,0,0,1,1,0.002
MSB-630,OPP_2D_20_20s_10I_18W,1000,1000,20,20,0,0,0,0,0,0,1,1,0.003
MSB-630,OPP_2D_20_20s_10I_20W,1000,1000,20,20,0,0,0,0,0,0,1,1,0.003
MSB-630,OPP_2D_20_20s_10I_22W,1000,1000,20,20,0,0,0,0,0,0,1,1,0.004
MSB-630,OPP_2D_20_20s_10I_24W,1000,1000,20,20,0,0,0,0,0,0,1,1,0.002
MSB-630,OPP_2D_20_20s_10I_26W,1000,1000,20,20,0,0,0,0,0,0,1,1,0.004
MSB-630,OPP_2D_20_20s_10I_28W,1000,1000,20,20,0,0,0,0,0,0,1,1,0.002
MSB-630,OPP_2D_20_20s_10I_2W,1000,1000,20,20,0,1,0,0,0,0,1,0,1.795
MSB-630,OPP_2D_20_20s_10I_30W,1000,1000,20,20,0,0,0,0,0,0,1,1,0.003
MSB-630,OPP_2D_20_20s_10I_32W,1000,1000,20,20,0,0,0,0,0,0,1,1,0.002
MSB-630,OPP_2D_20_20s_10I_34W,1000,1000,20,20,0,0,0,0,0,0,1,1,0.002
MSB-630,OPP_2D_20_20s_10I_36W,1000,1000,20,20,0,0,0,0,0,0,1,1,0.002
MSB-630,OPP_2D_20_20s_10I_38W,1000,1000,20,20,0,0,0,0,0,0,1,1,0.001
MSB-630,OPP_2D_20_20s_10I_40W,1000,1000,20,20,0,0,0,0,0,0,1,1,0.004
MSB-630,OPP_2D_20_20s_10I_4W,1000,1000,20,20,130212,140754,25,25,300,28658,0,0,307.572
MSB-630,OPP_2D_20_20s_10I_6W,1000,1000,20,20,965,1119,1,1,13,1158,1,1,12.054
MSB-630,OPP_2D_20_20s_10I_8W,1000,1000,20,20,0,0,0,0,0,0,1,1,0.001
MSB-630,OPP_2D_20_20s_1I_0W,1000,1000,20,20,2109,2109,0,0,0,0,1,0,33.348
MSB-630,OPP_2D_20_20s_1I_10W,1000,1000,20,20,14939,24107,6,6,83,6999,1,1,34.175
MSB-630,OPP_2D_20_20s_1I_12W,1000,1000,20,20,74,74,0,0,0,0,1,0,5.128
MSB-630,OPP_2D_20_20s_1I_14W,1000,1000,20,20,0,0,0,0,0,0,1,1,0.002
MSB-630,OPP_2D_20_20s_1I_16W,1000,1000,20,20,0,0,0,0,0,0,1,1,0.002
MSB-630,OPP_2D_20_20s_1I_18W,1000,1000,20,20,0,0,0,0,0,0,1,1,0.002
MSB-630,OPP_2D_20_20s_1I_20W,1000,1000,20,20,0,0,0,0,0,0,1,1,0.001
MSB-630,OPP_2D_20_20s_1I_22W,1000,1000,20,20,0,0,0,0,0,0,1,1,0.002
MSB-630,OPP_2D_20_20s_1I_24W,1000,1000,20,20,0,0,0,0,0,0,1,1,0.003
MSB-630,OPP_2D_20_20s_1I_26W,1000,1000,20,20,0,0,0,0,0,0,1,1,0.001
MSB-630,OPP_2D_20_20s_1I_28W,1000,1000,20,20,0,0,0,0,0,0,1,1,0.002
MSB-630,OPP_2D_20_20s_1I_2W,1000,1000,20,20,16045,17960,0,0,0,0,0,0,307.548
MSB-630,OPP_2D_20_20s_1I_30W,1000,1000,20,20,0,0,0,0,0,0,1,1,0.002
MSB-630,OPP_2D_20_20s_1I_32W,1000,1000,20,20,0,0,0,0,0,0,1,1,0.001
MSB-630,OPP_2D_20_20s_1I_34W,1000,1000,20,20,0,0,0,0,0,0,1,1,0.002
MSB-630,OPP_2D_20_20s_1I_36W,1000,1000,20,20,0,0,0,0,0,0,1,1,0.002
MSB-630,OPP_2D_20_20s_1I_38W,1000,1000,20,20,0,0,0,0,0,0,1,1,0.002
MSB-630,OPP_2D_20_20s_1I_40W,1000,1000,20,20,0,0,0,0,0,0,1,1,0.002
MSB-630,OPP_2D_20_20s_1I_4W,1000,1000,20,20,0,0,0,0,0,0,1,0,0.001
MSB-630,OPP_2D_20_20s_1I_6W,1000,1000,20,20,0,0,0,0,0,0,1,1,0.016
MSB-630,OPP_2D_20_20s_1I_8W,1000,1000,20,20,40675,47116,0,0,0,0,0,0,307.574
MSB-630,OPP_2D_20_20s_2I_0W,1000,1000,20,20,8154,8466,0,0,0,0,0,0,307.553
MSB-630,OPP_2D_20_20s_2I_10W,1000,1000,20,20,0,0,0,0,0,0,1,1,0.005
MSB-630,OPP_2D_20_20s_2I_12W,1000,1000,20,20,0,0,0,0,0,0,1,1,0.002
MSB-630,OPP_2D_20_20s_2I_14W,1000,1000,20,20,0,0,0,0,0,0,1,1,0.002
MSB-630,OPP_2D_20_20s_2I_16W,1000,1000,20,20,0,0,0,0,0,0,1,1,0.002
MSB-630,OPP_2D_20_20s_2I_18W,1000,1000,20,20,0,0,0,0,0,0,1,1,0.003
MSB-630,OPP_2D_20_20s_2I_20W,1000,1000,20,20,0,0,0,0,0,0,1,0,0.001
MSB-630,OPP_2D_20_20s_2I_22W,1000,1000,20,20,0,0,0,0,0,0,1,1,0.001
MSB-630,OPP_2D_20_20s_2I_24W,1000,1000,20,20,0,0,0,0,0,0,1,1,0.001
MSB-630,OPP_2D_20_20s_2I_26W,1000,1000,20,20,0,0,0,0,0,0,1,1,0.001
MSB-630,OPP_2D_20_20s_2I_28W,1000,1000,20,20,0,0,0,0,0,0,1,1,0.001
MSB-630,OPP_2D_20_20s_2I_2W,1000,1000,20,20,81612,86274,0,0,0,0,0,0,307.553
MSB-630,OPP_2D_20_20s_2I_30W,1000,1000,20,20,0,0,0,0,0,0,1,0,0.0
MSB-630,OPP_2D_20_20s_2I_32W,1000,1000,20,20,0,0,0,0,0,0,1,1,0.002
MSB-630,OPP_2D_20_20s_2I_34W,1000,1000,20,20,0,0,0,0,0,0,1,1,0.002
MSB-630,OPP_2D_20_20s_2I_36W,1000,1000,20,20,0,0,0,0,0,0,1,1,0.002
MSB-630,OPP_2D_20_20s_2I_38W,1000,1000,20,20,0,0,0,0,0,0,1,1,0.002
MSB-630,OPP_2D_20_20s_2I_40W,1000,1000,20,20,0,0,0,0,0,0,1,1,0.002
MSB-630,OPP_2D_20_20s_2I_4W,1000,1000,20,20,150081,181797,0,0,0,0,0,0,307.573
MSB-630,OPP_2D_20_20s_2I_6W,1000,1000,20,20,220519,234475,3,3,36,3447,0,0,307.559
MSB-630,OPP_2D_20_20s_2I_8W,1000,1000,20,20,1361,1858,1,1,11,1136,1,1,11.16
MSB-630,OPP_2D_20_20s_3I_0W,1000,1000,20,20,123,123,0,0,0,0,1,0,22.753
MSB-630,OPP_2D_20_20s_3I_10W,1000,1000,20,20,161,164,0,0,0,0,1,1,2.93
MSB-630,OPP_2D_20_20s_3I_12W,1000,1000,20,20,0,0,0,0,0,0,1,1,0.002
MSB-630,OPP_2D_20_20s_3I_14W,1000,1000,20,20,0,0,0,0,0,0,1,1,0.002
MSB-630,OPP_2D_20_20s_3I_16W,1000,1000,20,20,0,0,0,0,0,0,1,1,0.001
MSB-630,OPP_2D_20_20s_3I_18W,1000,1000,20,20,0,0,0,0,0,0,1,1,0.003
MSB-630,OPP_2D_20_20s_3I_20W,1000,1000,20,20,0,0,0,0,0,0,1,1,0.001
MSB-630,OPP_2D_20_20s_3I_22W,1000,1000,20,20,0,0,0,0,0,0,1,1,0.002
MSB-630,OPP_2D_20_20s_3I_24W,1000,1000,20,20,0,0,0,0,0,0,1,1,0.002
MSB-630,OPP_2D_20_20s_3I_26W,1000,1000,20,20,0,0,0,0,0,0,1,1,0.001
MSB-630,OPP_2D_20_20s_3I_28W,1000,1000,20,20,0,0,0,0,0,0,1,1,0.002
MSB-630,OPP_2D_20_20s_3I_2W,1000,1000,20,20,103899,106946,0,0,0,0,0,0,307.544
MSB-630,OPP_2D_20_20s_3I_30W,1000,1000,20,20,0,0,0,0,0,0,1,1,0.002
MSB-630,OPP_2D_20_20s_3I_32W,1000,1000,20,20,0,0,0,0,0,0,1,1,0.002
MSB-630,OPP_2D_20_20s_3I_34W,1000,1000,20,20,0,0,0,0,0,0,1,1,0.002
MSB-630,OPP_2D_20_20s_3I_36W,1000,1000,20,20,0,0,0,0,0,0,1,1,0.002
MSB-630,OPP_2D_20_20s_3I_38W,1000,1000,20,20,0,0,0,0,0,0,1,1,0.002
MSB-630,OPP_2D_20_20s_3I_40W,1000,1000,20,20,0,0,0,0,0,0,1,1,0.002
MSB-630,OPP_2D_20_20s_3I_4W,1000,1000,20,20,82593,92018,0,0,0,0,0,0,307.569
MSB-630,OPP_2D_20_20s_3I_6W,1000,1000,20,20,0,0,0,0,0,0,1,0,0.0
MSB-630,OPP_2D_20_20s_3I_8W,1000,1000,20,20,0,0,0,0,0,0,1,1,0.002
MSB-630,OPP_2D_20_20s_4I_0W,1000,1000,20,20,210,210,0,0,0,0,1,0,19.592
MSB-630,OPP_2D_20_20s_4I_10W,1000,1000,20,20,0,0,0,0,0,0,1,1,0.002
MSB-630,OPP_2D_20_20s_4I_12W,1000,1000,20,20,0,0,0,0,0,0,1,1,0.003
MSB-630,OPP_2D_20_20s_4I_14W,1000,1000,20,20,0,0,0,0,0,0,1,1,0.002
MSB-630,OPP_2D_20_20s_4I_16W,1000,1000,20,20,0,0,0,0,0,0,1,1,0.001
MSB-630,OPP_2D_20_20s_4I_18W,1000,1000,20,20,0,0,0,0,0,0,1,1,0.002
MSB-630,OPP_2D_20_20s_4I_20W,1000,1000,20,20,0,0,0,0,0,0,1,1,0.002
MSB-630,OPP_2D_20_20s_4I_22W,1000,1000,20,20,0,0,0,0,0,0,1,1,0.003
MSB-630,OPP_2D_20_20s_4I_24W,1000,1000,20,20,0,0,0,0,0,0,1,1,0.002
MSB-630,OPP_2D_20_20s_4I_26W,1000,1000,20,20,0,0,0,0,0,0,1,1,0.001
MSB-630,OPP_2D_20_20s_4I_28W,1000,1000,20,20,0,0,0,0,0,0,1,1,0.001
MSB-630,OPP_2D_20_20s_4I_2W,1000,1000,20,20,0,0,0,0,0,0,1,0,0.0
MSB-630,OPP_2D_20_20s_4I_30W,1000,1000,20,20,0,0,0,0,0,0,1,1,0.002
MSB-630,OPP_2D_20_20s_4I_32W,1000,1000,20,20,0,0,0,0,0,0,1,1,0.002
MSB-630,OPP_2D_20_20s_4I_34W,1000,1000,20,20,0,0,0,0,0,0,1,1,0.002
MSB-630,OPP_2D_20_20s_4I_36W,1000,1000,20,20,0,0,0,0,0,0,1,1,0.002
MSB-630,OPP_2D_20_20s_4I_38W,1000,1000,20,20,0,0,0,0,0,0,1,1,0.002
MSB-630,OPP_2D_20_20s_4I_40W,1000,1000,20,20,0,0,0,0,0,0,1,1,0.002
MSB-630,OPP_2D_20_20s_4I_4W,1000,1000,20,20,0,0,0,0,0,0,1,0,0.001
MSB-630,OPP_2D_20_20s_4I_6W,1000,1000,20,20,184025,198075,0,0,0,0,0,0,307.558
MSB-630,OPP_2D_20_20s_4I_8W,1000,1000,20,20,0,0,0,0,0,0,1,1,0.002
MSB-630,OPP_2D_20_20s_5I_0W,1000,1000,20,20,3461,3642,0,0,0,0,0,0,307.554
MSB-630,OPP_2D_20_20s_5I_10W,1000,1000,20,20,0,0,0,0,0,0,1,0,0.0
MSB-630,OPP_2D_20_20s_5I_12W,1000,1000,20,20,0,0,0,0,0,0,1,1,0.012
MSB-630,OPP_2D_20_20s_5I_14W,1000,1000,20,20,0,0,0,0,0,0,1,1,0.005
MSB-630,OPP_2D_20_20s_5I_16W,1000,1000,20,20,0,0,0,0,0,0,1,1,0.003
MSB-630,OPP_2D_20_20s_5I_18W,1000,1000,20,20,0,0,0,0,0,0,1,1,0.003
MSB-630,OPP_2D_20_20s_5I_20W,1000,1000,20,20,0,0,0,0,0,0,1,1,0.002
MSB-630,OPP_2D_20_20s_5I_22W,1000,1000,20,20,0,0,0,0,0,0,1,1,0.002
MSB-630,OPP_2D_20_20s_5I_24W,1000,1000,20,20,0,0,0,0,0,0,1,1,0.002
MSB-630,OPP_2D_20_20s_5I_26W,1000,1000,20,20,0,0,0,0,0,0,1,1,0.003
MSB-630,OPP_2D_20_20s_5I_28W,1000,1000,20,20,0,0,0,0,0,0,1,0,0.0
MSB-630,OPP_2D_20_20s_5I_2W,1000,1000,20,20,42311,49796,0,0,0,0,0,0,307.586
MSB-630,OPP_2D_20_20s_5I_30W,1000,1000,20,20,0,0,0,0,0,0,1,0,0.001
MSB-630,OPP_2D_20_20s_5I_32W,1000,1000,20,20,0,0,0,0,0,0,1,1,0.002
MSB-630,OPP_2D_20_20s_5I_34W,1000,1000,20,20,0,0,0,0,0,0,1,1,0.002
MSB-630,OPP_2D_20_20s_5I_36W,1000,1000,20,20,0,0,0,0,0,0,1,1,0.002
MSB-630,OPP_2D_20_20s_5I_38W,1000,1000,20,20,0,0,0,0,0,0,1,1,0.002
MSB-630,OPP_2D_20_20s_5I_40W,1000,1000,20,20,0,0,0,0,0,0,1,1,0.001
MSB-630,OPP_2D_20_20s_5I_4W,1000,1000,20,20,0,0,0,0,0,0,1,0,0.002
MSB-630,OPP_2D_20_20s_5I_6W,1000,1000,20,20,98673,110811,0,0,0,0,0,0,307.56
MSB-630,OPP_2D_20_20s_5I_8W,1000,1000,20,20,14320,16984,343,343,4221,741685,1,1,67.766
MSB-630,OPP_2D_20_20s_6I_0W,1000,1000,20,20,4028,4098,0,0,0,0,0,0,307.553
MSB-630,OPP_2D_20_20s_6I_10W,1000,1000,20,20,0,0,0,0,0,0,1,1,0.003
MSB-630,OPP_2D_20_20s_6I_12W,1000,1000,20,20,0,0,0,0,0,0,1,0,0.0
MSB-630,OPP_2D_20_20s_6I_14W,1000,1000,20,20,0,0,0,0,0,0,1,1,0.001
MSB-630,OPP_2D_20_20s_6I_16W,1000,1000,20,20,0,0,0,0,0,0,1,1,0.002
MSB-630,OPP_2D_20_20s_6I_18W,1000,1000,20,20,0,0,0,0,0,0,1,1,0.001
MSB-630,OPP_2D_20_20s_6I_20W,1000,1000,20,20,0,0,0,0,0,0,1,1,0.002
MSB-630,OPP_2D_20_20s_6I_22W,1000,1000,20,20,0,0,0,0,0,0,1,1,0.002
MSB-630,OPP_2D_20_20s_6I_24W,1000,1000,20,20,0,0,0,0,0,0,1,1,0.002
MSB-630,OPP_2D_20_20s_6I_26W,1000,1000,20,20,0,0,0,0,0,0,1,1,0.002
MSB-630,OPP_2D_20_20s_6I_28W,1000,1000,20,20,0,0,0,0,0,0,1,1,0.001
MSB-630,OPP_2D_20_20s_6I_2W,1000,1000,20,20,20921,23109,0,0,0,0,0,0,307.557
MSB-630,OPP_2D_20_20s_6I_30W,1000,1000,20,20,0,0,0,0,0,0,1,1,0.003
MSB-630,OPP_2D_20_20s_6I_32W,1000,1000,20,20,0,0,0,0,0,0,1,1,0.002
MSB-630,OPP_2D_20_20s_6I_34W,1000,1000,20,20,0,0,0,0,0,0,1,1,0.001
MSB-630,OPP_2D_20_20s_6I_36W,1000,1000,20,20,0,0,0,0,0,0,1,1,0.002
MSB-630,OPP_2D_20_20s_6I_38W,1000,1000,20,20,0,0,0,0,0,0,1,1,0.002
MSB-630,OPP_2D_20_20s_6I_40W,1000,1000,20,20,0,0,0,0,0,0,1,1,0.001
MSB-630,OPP_2D_20_20s_6I_4W,1000,1000,20,20,109655,115385,0,0,0,0,0,0,307.579
MSB-630,OPP_2D_20_20s_6I_6W,1000,1000,20,20,213238,214850,0,0,0,0,0,0,307.562
MSB-630,OPP_2D_20_20s_6I_8W,1000,1000,20,20,0,0,0,0,0,0,1,1,0.014
MSB-630,OPP_2D_20_20s_7I_0W,1000,1000,20,20,5880,5880,0,0,0,0,1,0,206.501
MSB-630,OPP_2D_20_20s_7I_10W,1000,1000,20,20,0,0,0,0,0,0,1,1,0.002
MSB-630,OPP_2D_20_20s_7I_12W,1000,1000,20,20,0,0,0,0,0,0,1,0,0.001
MSB-630,OPP_2D_20_20s_7I_14W,1000,1000,20,20,0,0,0,0,0,0,1,0,0.0
MSB-630,OPP_2D_20_20s_7I_16W,1000,1000,20,20,0,0,0,0,0,0,1,0,0.0
MSB-630,OPP_2D_20_20s_7I_18W,1000,1000,20,20,0,0,0,0,0,0,1,1,0.001
MSB-630,OPP_2D_20_20s_7I_20W,1000,1000,20,20,0,0,0,0,0,0,1,1,0.002
MSB-630,OPP_2D_20_20s_7I_22W,1000,1000,20,20,0,0,0,0,0,0,1,1,0.002
MSB-630,OPP_2D_20_20s_7I_24W,1000,1000,20,20,0,0,0,0,0,0,1,1,0.001
MSB-630,OPP_2D_20_20s_7I_26W,1000,1000,20,20,0,0,0,0,0,0,1,1,0.002
MSB-630,OPP_2D_20_20s_7I_28W,1000,1000,20,20,0,0,0,0,0,0,1,1,0.002
MSB-630,OPP_2D_20_20s_7I_2W,1000,1000,20,20,3740,3740,0,0,0,0,1,0,42.882
MSB-630,OPP_2D_20_20s_7I_30W,1000,1000,20,20,0,0,0,0,0,0,1,1,0.002
MSB-630,OPP_2D_20_20s_7I_32W,1000,1000,20,20,0,0,0,0,0,0,1,1,0.002
MSB-630,OPP_2D_20_20s_7I_34W,1000,1000,20,20,0,0,0,0,0,0,1,1,0.002
MSB-630,OPP_2D_20_20s_7I_36W,1000,1000,20,20,0,0,0,0,0,0,1,1,0.001
MSB-630,OPP_2D_20_20s_7I_38W,1000,1000,20,20,0,0,0,0,0,0,1,1,0.001
MSB-630,OPP_2D_20_20s_7I_40W,1000,1000,20,20,0,0,0,0,0,0,1,1,0.003
MSB-630,OPP_2D_20_20s_7I_4W,1000,1000,20,20,54419,59849,0,0,0,0,0,0,307.569
MSB-630,OPP_2D_20_20s_7I_6W,1000,1000,20,20,0,0,0,0,0,0,1,1,0.019
MSB-630,OPP_2D_20_20s_7I_8W,1000,1000,20,20,401,542,0,0,0,0,1,1,3.97
MSB-630,OPP_2D_20_20s_8I_0W,1000,1000,20,20,377,377,0,0,0,0,1,0,32.684
MSB-630,OPP_2D_20_20s_8I_10W,1000,1000,20,20,2136,2617,2,2,25,2303,1,1,19.847
MSB-630,OPP_2D_20_20s_8I_12W,1000,1000,20,20,0,0,0,0,0,0,1,0,0.0
MSB-630,OPP_2D_20_20s_8I_14W,1000,1000,20,20,0,0,0,0,0,0,1,1,0.003
MSB-630,OPP_2D_20_20s_8I_16W,1000,1000,20,20,0,0,0,0,0,0,1,0,0.0
MSB-630,OPP_2D_20_20s_8I_18W,1000,1000,20,20,0,0,0,0,0,0,1,1,0.002
MSB-630,OPP_2D_20_20s_8I_20W,1000,1000,20,20,0,0,0,0,0,0,1,1,0.002
MSB-630,OPP_2D_20_20s_8I_22W,1000,1000,20,20,0,0,0,0,0,0,1,1,0.001
MSB-630,OPP_2D_20_20s_8I_24W,1000,1000,20,20,0,0,0,0,0,0,1,1,0.002
MSB-630,OPP_2D_20_20s_8I_26W,1000,1000,20,20,0,0,0,0,0,0,1,1,0.003
MSB-630,OPP_2D_20_20s_8I_28W,1000,1000,20,20,0,0,0,0,0,0,1,1,0.002
MSB-630,OPP_2D_20_20s_8I_2W,1000,1000,20,20,23910,26173,0,0,0,0,0,0,307.543
MSB-630,OPP_2D_20_20s_8I_30W,1000,1000,20,20,0,0,0,0,0,0,1,1,0.002
MSB-630,OPP_2D_20_20s_8I_32W,1000,1000,20,20,0,0,0,0,0,0,1,1,0.001
MSB-630,OPP_2D_20_20s_8I_34W,1000,1000,20,20,0,0,0,0,0,0,1,1,0.003
MSB-630,OPP_2D_20_20s_8I_36W,1000,1000,20,20,0,0,0,0,0,0,1,1,0.002
MSB-630,OPP_2D_20_20s_8I_38W,1000,1000,20,20,0,0,0,0,0,0,1,1,0.003
MSB-630,OPP_2D_20_20s_8I_40W,1000,1000,20,20,0,0,0,0,0,0,1,1,0.002
MSB-630,OPP_2D_20_20s_8I_4W,1000,1000,20,20,0,1,0,0,0,0,1,0,2.42
MSB-630,OPP_2D_20_20s_8I_6W,1000,1000,20,20,15440,19677,0,0,0,0,1,1,49.825
MSB-630,OPP_2D_20_20s_8I_8W,1000,1000,20,20,0,0,0,0,0,0,1,1,0.008
MSB-630,OPP_2D_20_20s_9I_0W,1000,1000,20,20,0,0,0,0,0,0,1,0,0.0
MSB-630,OPP_2D_20_20s_9I_10W,1000,1000,20,20,0,0,0,0,0,0,1,1,0.003
MSB-630,OPP_2D_20_20s_9I_12W,1000,1000,20,20,0,0,0,0,0,0,1,1,0.005
MSB-630,OPP_2D_20_20s_9I_14W,1000,1000,20,20,0,0,0,0,0,0,1,0,0.0
MSB-630,OPP_2D_20_20s_9I_16W,1000,1000,20,20,0,0,0,0,0,0,1,1,0.001
MSB-630,OPP_2D_20_20s_9I_18W,1000,1000,20,20,0,0,0,0,0,0,1,1,0.002
MSB-630,OPP_2D_20_20s_9I_20W,1000,1000,20,20,0,0,0,0,0,0,1,1,0.002
MSB-630,OPP_2D_20_20s_9I_22W,1000,1000,20,20,0,0,0,0,0,0,1,1,0.002
MSB-630,OPP_2D_20_20s_9I_24W,1000,1000,20,20,0,0,0,0,0,0,1,1,0.001
MSB-630,OPP_2D_20_20s_9I_26W,1000,1000,20,20,0,0,0,0,0,0,1,1,0.002
MSB-630,OPP_2D_20_20s_9I_28W,1000,1000,20,20,0,0,0,0,0,0,1,1,0.002
MSB-630,OPP_2D_20_20s_9I_2W,1000,1000,20,20,85825,90384,0,0,0,0,0,0,307.551
MSB-630,OPP_2D_20_20s_9I_30W,1000,1000,20,20,0,0,0,0,0,0,1,1,0.001
MSB-630,OPP_2D_20_20s_9I_32W,1000,1000,20,20,0,0,0,0,0,0,1,1,0.001
MSB-630,OPP_2D_20_20s_9I_34W,1000,1000,20,20,0,0,0,0,0,0,1,0,0.0
MSB-630,OPP_2D_20_20s_9I_36W,1000,1000,20,20,0,0,0,0,0,0,1,1,0.001
MSB-630,OPP_2D_20_20s_9I_38W,1000,1000,20,20,0,0,0,0,0,0,1,1,0.002
MSB-630,OPP_2D_20_20s_9I_40W,1000,1000,20,20,0,0,0,0,0,0,1,1,0.002
MSB-630,OPP_2D_20_20s_9I_4W,1000,1000,20,20,60439,64454,0,0,0,0,0,0,307.572
MSB-630,OPP_2D_20_20s_9I_6W,1000,1000,20,20,130880,152322,0,0,0,0,0,0,307.547
MSB-630,OPP_2D_20_20s_9I_8W,1000,1000,20,20,0,0,0,0,0,0,1,1,0.01
MSB-630,OPP_2D_20_3s_10I_0W,1000,1000,20,20,8472,8735,0,0,0,0,0,0,307.549
MSB-630,OPP_2D_20_3s_10I_10W,1000,1000,20,20,0,0,0,0,0,0,1,1,0.002
MSB-630,OPP_2D_20_3s_10I_12W,1000,1000,20,20,0,0,0,0,0,0,1,1,0.002
MSB-630,OPP_2D_20_3s_10I_14W,1000,1000,20,20,0,0,0,0,0,0,1,1,0.001
MSB-630,OPP_2D_20_3s_10I_16W,1000,1000,20,20,0,0,0,0,0,0,1,1,0.002
MSB-630,OPP_2D_20_3s_10I_18W,1000,1000,20,20,0,0,0,0,0,0,1,1,0.003
MSB-630,OPP_2D_20_3s_10I_20W,1000,1000,20,20,0,0,0,0,0,0,1,1,0.001
MSB-630,OPP_2D_20_3s_10I_22W,1000,1000,20,20,0,0,0,0,0,0,1,1,0.001
MSB-630,OPP_2D_20_3s_10I_24W,1000,1000,20,20,0,0,0,0,0,0,1,1,0.002
MSB-630,OPP_2D_20_3s_10I_26W,1000,1000,20,20,0,0,0,0,0,0,1,1,0.002
MSB-630,OPP_2D_20_3s_10I_28W,1000,1000,20,20,0,0,0,0,0,0,1,1,0.002
MSB-630,OPP_2D_20_3s_10I_2W,1000,1000,20,20,6089,8955,0,0,0,0,0,0,307.559
MSB-630,OPP_2D_20_3s_10I_30W,1000,1000,20,20,0,0,0,0,0,0,1,1,0.002
MSB-630,OPP_2D_20_3s_10I_32W,1000,1000,20,20,0,0,0,0,0,0,1,1,0.001
MSB-630,OPP_2D_20_3s_10I_34W,1000,1000,20,20,0,0,0,0,0,0,1,1,0.002
MSB-630,OPP_2D_20_3s_10I_36W,1000,1000,20,20,0,0,0,0,0,0,1,1,0.001
MSB-630,OPP_2D_20_3s_10I_38W,1000,1000,20,20,0,0,0,0,0,0,1,1,0.002
MSB-630,OPP_2D_20_3s_10I_40W,1000,1000,20,20,0,0,0,0,0,0,1,1,0.002
MSB-630,OPP_2D_20_3s_10I_4W,1000,1000,20,20,0,0,0,0,0,0,1,1,0.004
MSB-630,OPP_2D_20_3s_10I_6W,1000,1000,20,20,0,0,0,0,0,0,1,1,0.002
MSB-630,OPP_2D_20_3s_10I_8W,1000,1000,20,20,0,0,0,0,0,0,1,1,0.002
MSB-630,OPP_2D_20_3s_1I_0W,1000,1000,20,20,340,340,0,0,0,0,1,0,18.041
MSB-630,OPP_2D_20_3s_1I_10W,1000,1000,20,20,0,0,0,0,0,0,1,1,0.002
MSB-630,OPP_2D_20_3s_1I_12W,1000,1000,20,20,0,0,0,0,0,0,1,1,0.002
MSB-630,OPP_2D_20_3s_1I_14W,1000,1000,20,20,0,0,0,0,0,0,1,1,0.001
MSB-630,OPP_2D_20_3s_1I_16W,1000,1000,20,20,0,0,0,0,0,0,1,1,0.002
MSB-630,OPP_2D_20_3s_1I_18W,1000,1000,20,20,0,0,0,0,0,0,1,1,0.002
MSB-630,OPP_2D_20_3s_1I_20W,1000,1000,20,20,0,0,0,0,0,0,1,1,0.002
MSB-630,OPP_2D_20_3s_1I_22W,1000,1000,20,20,0,0,0,0,0,0,1,1,0.001
MSB-630,OPP_2D_20_3s_1I_24W,1000,1000,20,20,0,0,0,0,0,0,1,1,0.002
MSB-630,OPP_2D_20_3s_1I_26W,1000,1000,20,20,0,0,0,0,0,0,1,1,0.002
MSB-630,OPP_2D_20_3s_1I_28W,1000,1000,20,20,0,0,0,0,0,0,1,1,0.001
MSB-630,OPP_2D_20_3s_1I_2W,1000,1000,20,20,9373,11279,0,0,0,0,0,0,307.563
MSB-630,OPP_2D_20_3s_1I_30W,1000,1000,20,20,0,0,0,0,0,0,1,1,0.001
MSB-630,OPP_2D_20_3s_1I_32W,1000,1000,20,20,0,0,0,0,0,0,1,1,0.002
MSB-630,OPP_2D_20_3s_1I_34W,1000,1000,20,20,0,0,0,0,0,0,1,1,0.001
MSB-630,OPP_2D_20_3s_1I_36W,1000,1000,20,20,0,0,0,0,0,0,1,1,0.002
MSB-630,OPP_2D_20_3s_1I_38W,1000,1000,20,20,0,0,0,0,0,0,1,1,0.001
MSB-630,OPP_2D_20_3s_1I_40W,1000,1000,20,20,0,0,0,0,0,0,1,1,0.002
MSB-630,OPP_2D_20_3s_1I_4W,1000,1000,20,20,17303,18435,0,0,0,0,0,0,307.565
MSB-630,OPP_2D_20_3s_1I_6W,1000,1000,20,20,0,0,0,0,0,0,1,1,0.015
MSB-630,OPP_2D_20_3s_1I_8W,1000,1000,20,20,0,0,0,0,0,0,1,1,0.002
MSB-630,OPP_2D_20_3s_2I_0W,1000,1000,20,20,5519,5552,0,0,0,0,0,0,307.547
MSB-630,OPP_2D_20_3s_2I_10W,1000,1000,20,20,0,0,0,0,0,0,1,1,0.003
MSB-630,OPP_2D_20_3s_2I_12W,1000,1000,20,20,0,0,0,0,0,0,1,1,0.001
MSB-630,OPP_2D_20_3s_2I_14W,1000,1000,20,20,0,0,0,0,0,0,1,1,0.002
MSB-630,OPP_2D_20_3s_2I_16W,1000,1000,20,20,0,0,0,0,0,0,1,1,0.001
MSB-630,OPP_2D_20_3s_2I_18W,1000,1000,20,20,0,0,0,0,0,0,1,1,0.001
MSB-630,OPP_2D_20_3s_2I_20W,1000,1000,20,20,0,0,0,0,0,0,1,1,0.002
MSB-630,OPP_2D_20_3s_2I_22W,1000,1000,20,20,0,0,0,0,0,0,1,1,0.002
MSB-630,OPP_2D_20_3s_2I_24W,1000,1000,20,20,0,0,0,0,0,0,1,1,0.002
MSB-630,OPP_2D_20_3s_2I_26W,1000,1000,20,20,0,0,0,0,0,0,1,1,0.002
MSB-630,OPP_2D_20_3s_2I_28W,1000,1000,20,20,0,0,0,0,0,0,1,1,0.001
MSB-630,OPP_2D_20_3s_2I_2W,1000,1000,20,20,11523,15333,0,0,0,0,0,0,307.569
MSB-630,OPP_2D_20_3s_2I_30W,1000,1000,20,20,0,0,0,0,0,0,1,1,0.002
MSB-630,OPP_2D_20_3s_2I_32W,1000,1000,20,20,0,0,0,0,0,0,1,1,0.002
MSB-630,OPP_2D_20_3s_2I_34W,1000,1000,20,20,0,0,0,0,0,0,1,1,0.001
MSB-630,OPP_2D_20_3s_2I_36W,1000,1000,20,20,0,0,0,0,0,0,1,1,0.001
MSB-630,OPP_2D_20_3s_2I_38W,1000,1000,20,20,0,0,0,0,0,0,1,1,0.003
MSB-630,OPP_2D_20_3s_2I_40W,1000,1000,20,20,0,0,0,0,0,0,1,1,0.002
MSB-630,OPP_2D_20_3s_2I_4W,1000,1000,20,20,168566,185326,2,2,26,2315,0,0,307.59
MSB-630,OPP_2D_20_3s_2I_6W,1000,1000,20,20,0,0,0,0,0,0,1,1,0.002
MSB-630,OPP_2D_20_3s_2I_8W,1000,1000,20,20,0,0,0,0,0,0,1,1,0.003
MSB-630,OPP_2D_20_3s_3I_0W,1000,1000,20,20,3993,5217,0,0,0,0,0,0,307.567
MSB-630,OPP_2D_20_3s_3I_10W,1000,1000,20,20,0,0,0,0,0,0,1,1,0.001
MSB-630,OPP_2D_20_3s_3I_12W,1000,1000,20,20,0,0,0,0,0,0,1,1,0.002
MSB-630,OPP_2D_20_3s_3I_14W,1000,1000,20,20,0,0,0,0,0,0,1,1,0.001
MSB-630,OPP_2D_20_3s_3I_16W,1000,1000,20,20,0,0,0,0,0,0,1,1,0.001
MSB-630,OPP_2D_20_3s_3I_18W,1000,1000,20,20,0,0,0,0,0,0,1,1,0.002
MSB-630,OPP_2D_20_3s_3I_20W,1000,1000,20,20,0,0,0,0,0,0,1,1,0.002
MSB-630,OPP_2D_20_3s_3I_22W,1000,1000,20,20,0,0,0,0,0,0,1,1,0.001
MSB-630,OPP_2D_20_3s_3I_24W,1000,1000,20,20,0,0,0,0,0,0,1,1,0.002
MSB-630,OPP_2D_20_3s_3I_26W,1000,1000,20,20,0,0,0,0,0,0,1,1,0.002
MSB-630,OPP_2D_20_3s_3I_28W,1000,1000,20,20,0,0,0,0,0,0,1,1,0.002
MSB-630,OPP_2D_20_3s_3I_2W,1000,1000,20,20,111819,114479,703,703,7030,791541,0,0,307.57
MSB-630,OPP_2D_20_3s_3I_30W,1000,1000,20,20,0,0,0,0,0,0,1,1,0.002
MSB-630,OPP_2D_20_3s_3I_32W,1000,1000,20,20,0,0,0,0,0,0,1,1,0.002
MSB-630,OPP_2D_20_3s_3I_34W,1000,1000,20,20,0,0,0,0,0,0,1,1,0.001
MSB-630,OPP_2D_20_3s_3I_36W,1000,1000,20,20,0,0,0,0,0,0,1,1,0.002
MSB-630,OPP_2D_20_3s_3I_38W,1000,1000,20,20,0,0,0,0,0,0,1,1,0.001
MSB-630,OPP_2D_20_3s_3I_40W,1000,1000,20,20,0,0,0,0,0,0,1,1,0.002
MSB-630,OPP_2D_20_3s_3I_4W,1000,1000,20,20,81290,93943,0,0,0,0,0,0,307.574
MSB-630,OPP_2D_20_3s_3I_6W,1000,1000,20,20,0,0,0,0,0,0,1,1,0.001
MSB-630,OPP_2D_20_3s_3I_8W,1000,1000,20,20,0,0,0,0,0,0,1,1,0.002
MSB-630,OPP_2D_20_3s_4I_0W,1000,1000,20,20,2984,3279,0,0,0,0,0,0,307.556
MSB-630,OPP_2D_20_3s_4I_10W,1000,1000,20,20,0,0,0,0,0,0,1,1,0.003
MSB-630,OPP_2D_20_3s_4I_12W,1000,1000,20,20,0,0,0,0,0,0,1,1,0.003
MSB-630,OPP_2D_20_3s_4I_14W,1000,1000,20,20,0,0,0,0,0,0,1,1,0.002
MSB-630,OPP_2D_20_3s_4I_16W,1000,1000,20,20,0,0,0,0,0,0,1,1,0.002
MSB-630,OPP_2D_20_3s_4I_18W,1000,1000,20,20,0,0,0,0,0,0,1,1,0.001
MSB-630,OPP_2D_20_3s_4I_20W,1000,1000,20,20,0,0,0,0,0,0,1,1,0.002
MSB-630,OPP_2D_20_3s_4I_22W,1000,1000,20,20,0,0,0,0,0,0,1,1,0.002
MSB-630,OPP_2D_20_3s_4I_24W,1000,1000,20,20,0,0,0,0,0,0,1,1,0.002
MSB-630,OPP_2D_20_3s_4I_26W,1000,1000,20,20,0,0,0,0,0,0,1,1,0.002
MSB-630,OPP_2D_20_3s_4I_28W,1000,1000,20,20,0,0,0,0,0,0,1,1,0.003
MSB-630,OPP_2D_20_3s_4I_2W,1000,1000,20,20,22452,32585,0,0,0,0,0,0,307.557
MSB-630,OPP_2D_20_3s_4I_30W,1000,1000,20,20,0,0,0,0,0,0,1,1,0.001
MSB-630,OPP_2D_20_3s_4I_32W,1000,1000,20,20,0,0,0,0,0,0,1,1,0.001
MSB-630,OPP_2D_20_3s_4I_34W,1000,1000,20,20,0,0,0,0,0,0,1,1,0.002
MSB-630,OPP_2D_20_3s_4I_36W,1000,1000,20,20,0,0,0,0,0,0,1,1,0.001
MSB-630,OPP_2D_20_3s_4I_38W,1000,1000,20,20,0,0,0,0,0,0,1,1,0.001
MSB-630,OPP_2D_20_3s_4I_40W,1000,1000,20,20,0,0,0,0,0,0,1,1,0.002
MSB-630,OPP_2D_20_3s_4I_4W,1000,1000,20,20,0,0,0,0,0,0,1,1,0.009
MSB-630,OPP_2D_20_3s_4I_6W,1000,1000,20,20,0,0,0,0,0,0,1,1,0.002
MSB-630,OPP_2D_20_3s_4I_8W,1000,1000,20,20,0,0,0,0,0,0,1,1,0.003
MSB-630,OPP_2D_20_3s_5I_0W,1000,1000,20,20,5808,6713,0,0,0,0,0,0,307.557
MSB-630,OPP_2D_20_3s_5I_10W,1000,1000,20,20,0,0,0,0,0,0,1,1,0.002
MSB-630,OPP_2D_20_3s_5I_12W,1000,1000,20,20,0,0,0,0,0,0,1,1,0.001
MSB-630,OPP_2D_20_3s_5I_14W,1000,1000,20,20,0,0,0,0,0,0,1,1,0.002
MSB-630,OPP_2D_20_3s_5I_16W,1000,1000,20,20,0,0,0,0,0,0,1,1,0.001
MSB-630,OPP_2D_20_3s_5I_18W,1000,1000,20,20,0,0,0,0,0,0,1,1,0.001
MSB-630,OPP_2D_20_3s_5I_20W,1000,1000,20,20,0,0,0,0,0,0,1,1,0.001
MSB-630,OPP_2D_20_3s_5I_22W,1000,1000,20,20,0,0,0,0,0,0,1,1,0.001
MSB-630,OPP_2D_20_3s_5I_24W,1000,1000,20,20,0,0,0,0,0,0,1,1,0.002
MSB-630,OPP_2D_20_3s_5I_26W,1000,1000,20,20,0,0,0,0,0,0,1,1,0.002
MSB-630,OPP_2D_20_3s_5I_28W,1000,1000,20,20,0,0,0,0,0,0,1,1,0.002
MSB-630,OPP_2D_20_3s_5I_2W,1000,1000,20,20,23442,27713,0,0,0,0,0,0,307.572
MSB-630,OPP_2D_20_3s_5I_30W,1000,1000,20,20,0,0,0,0,0,0,1,1,0.001
MSB-630,OPP_2D_20_3s_5I_32W,1000,1000,20,20,0,0,0,0,0,0,1,1,0.003
MSB-630,OPP_2D_20_3s_5I_34W,1000,1000,20,20,0,0,0,0,0,0,1,1,0.002
MSB-630,OPP_2D_20_3s_5I_36W,1000,1000,20,20,0,0,0,0,0,0,1,1,0.002
MSB-630,OPP_2D_20_3s_5I_38W,1000,1000,20,20,0,0,0,0,0,0,1,1,0.002
MSB-630,OPP_2D_20_3s_5I_40W,1000,1000,20,20,0,0,0,0,0,0,1,1,0.002
MSB-630,OPP_2D_20_3s_5I_4W,1000,1000,20,20,47857,54244,0,0,0,0,0,0,307.596
MSB-630,OPP_2D_20_3s_5I_6W,1000,1000,20,20,0,0,0,0,0,0,1,1,0.002
MSB-630,OPP_2D_20_3s_5I_8W,1000,1000,20,20,0,0,0,0,0,0,1,1,0.002
MSB-630,OPP_2D_20_3s_6I_0W,1000,1000,20,20,21,21,0,0,0,0,1,0,5.653
MSB-630,OPP_2D_20_3s_6I_10W,1000,1000,20,20,0,0,0,0,0,0,1,1,0.001
MSB-630,OPP_2D_20_3s_6I_12W,1000,1000,20,20,1,1,1,1,10,1127,1,1,4.425
MSB-630,OPP_2D_20_3s_6I_14W,1000,1000,20,20,0,0,0,0,0,0,1,1,0.001
MSB-630,OPP_2D_20_3s_6I_16W,1000,1000,20,20,0,0,0,0,0,0,1,1,0.002
MSB-630,OPP_2D_20_3s_6I_18W,1000,1000,20,20,0,0,0,0,0,0,1,1,0.002
MSB-630,OPP_2D_20_3s_6I_20W,1000,1000,20,20,0,0,0,0,0,0,1,1,0.001
MSB-630,OPP_2D_20_3s_6I_22W,1000,1000,20,20,0,0,0,0,0,0,1,1,0.002
MSB-630,OPP_2D_20_3s_6I_24W,1000,1000,20,20,0,0,0,0,0,0,1,1,0.002
MSB-630,OPP_2D_20_3s_6I_26W,1000,1000,20,20,0,0,0,0,0,0,1,1,0.001
MSB-630,OPP_2D_20_3s_6I_28W,1000,1000,20,20,0,0,0,0,0,0,1,1,0.001
MSB-630,OPP_2D_20_3s_6I_2W,1000,1000,20,20,66946,85958,0,0,0,0,0,0,307.585
MSB-630,OPP_2D_20_3s_6I_30W,1000,1000,20,20,0,0,0,0,0,0,1,1,0.001
MSB-630,OPP_2D_20_3s_6I_32W,1000,1000,20,20,0,0,0,0,0,0,1,1,0.001
MSB-630,OPP_2D_20_3s_6I_34W,1000,1000,20,20,0,0,0,0,0,0,1,1,0.001
MSB-630,OPP_2D_20_3s_6I_36W,1000,1000,20,20,0,0,0,0,0,0,1,1,0.001
MSB-630,OPP_2D_20_3s_6I_38W,1000,1000,20,20,0,0,0,0,0,0,1,1,0.001
MSB-630,OPP_2D_20_3s_6I_40W,1000,1000,20,20,0,0,0,0,0,0,1,1,0.001
MSB-630,OPP_2D_20_3s_6I_4W,1000,1000,20,20,10031,12468,0,0,0,0,1,1,53.472
MSB-630,OPP_2D_20_3s_6I_6W,1000,1000,20,20,0,0,0,0,0,0,1,1,0.002
MSB-630,OPP_2D_20_3s_6I_8W,1000,1000,20,20,0,0,0,0,0,0,1,1,0.002
MSB-630,OPP_2D_20_3s_7I_0W,1000,1000,20,20,0,0,0,0,0,0,1,0,3.133
MSB-630,OPP_2D_20_3s_7I_10W,1000,1000,20,20,0,0,0,0,0,0,1,1,0.002
MSB-630,OPP_2D_20_3s_7I_12W,1000,1000,20,20,0,0,0,0,0,0,1,1,0.002
MSB-630,OPP_2D_20_3s_7I_14W,1000,1000,20,20,0,0,0,0,0,0,1,1,0.002
MSB-630,OPP_2D_20_3s_7I_16W,1000,1000,20,20,0,0,0,0,0,0,1,1,0.002
MSB-630,OPP_2D_20_3s_7I_18W,1000,1000,20,20,0,0,0,0,0,0,1,1,0.003
MSB-630,OPP_2D_20_3s_7I_20W,1000,1000,20,20,0,0,0,0,0,0,1,1,0.001
MSB-630,OPP_2D_20_3s_7I_22W,1000,1000,20,20,0,0,0,0,0,0,1,1,0.002
MSB-630,OPP_2D_20_3s_7I_24W,1000,1000,20,20,0,0,0,0,0,0,1,1,0.001
MSB-630,OPP_2D_20_3s_7I_26W,1000,1000,20,20,0,0,0,0,0,0,1,1,0.001
MSB-630,OPP_2D_20_3s_7I_28W,1000,1000,20,20,0,0,0,0,0,0,1,1,0.002
MSB-630,OPP_2D_20_3s_7I_2W,1000,1000,20,20,55017,62601,0,0,0,0,0,0,307.562
MSB-630,OPP_2D_20_3s_7I_30W,1000,1000,20,20,0,0,0,0,0,0,1,1,0.002
MSB-630,OPP_2D_20_3s_7I_32W,1000,1000,20,20,0,0,0,0,0,0,1,1,0.002
MSB-630,OPP_2D_20_3s_7I_34W,1000,1000,20,20,0,0,0,0,0,0,1,1,0.001
MSB-630,OPP_2D_20_3s_7I_36W,1000,1000,20,20,0,0,0,0,0,0,1,1,0.003
MSB-630,OPP_2D_20_3s_7I_38W,1000,1000,20,20,0,0,0,0,0,0,1,1,0.002
MSB-630,OPP_2D_20_3s_7I_40W,1000,1000,20,20,0,0,0,0,0,0,1,1,0.002
MSB-630,OPP_2D_20_3s_7I_4W,1000,1000,20,20,23107,33239,0,0,0,0,0,0,307.579
MSB-630,OPP_2D_20_3s_7I_6W,1000,1000,20,20,0,0,0,0,0,0,1,1,0.016
MSB-630,OPP_2D_20_3s_7I_8W,1000,1000,20,20,0,0,0,0,0,0,1,1,0.001
MSB-630,OPP_2D_20_3s_8I_0W,1000,1000,20,20,1461,1833,0,0,0,0,0,0,307.547
MSB-630,OPP_2D_20_3s_8I_10W,1000,1000,20,20,0,0,0,0,0,0,1,1,0.002
MSB-630,OPP_2D_20_3s_8I_12W,1000,1000,20,20,0,0,0,0,0,0,1,1,0.001
MSB-630,OPP_2D_20_3s_8I_14W,1000,1000,20,20,0,0,0,0,0,0,1,1,0.001
MSB-630,OPP_2D_20_3s_8I_16W,1000,1000,20,20,0,0,0,0,0,0,1,1,0.002
MSB-630,OPP_2D_20_3s_8I_18W,1000,1000,20,20,0,0,0,0,0,0,1,1,0.002
MSB-630,OPP_2D_20_3s_8I_20W,1000,1000,20,20,0,0,0,0,0,0,1,1,0.001
MSB-630,OPP_2D_20_3s_8I_22W,1000,1000,20,20,0,0,0,0,0,0,1,1,0.002
MSB-630,OPP_2D_20_3s_8I_24W,1000,1000,20,20,0,0,0,0,0,0,1,1,0.001
MSB-630,OPP_2D_20_3s_8I_26W,1000,1000,20,20,0,0,0,0,0,0,1,1,0.002
MSB-630,OPP_2D_20_3s_8I_28W,1000,1000,20,20,0,0,0,0,0,0,1,1,0.002
MSB-630,OPP_2D_20_3s_8I_2W,1000,1000,20,20,26217,34609,0,0,0,0,0,0,307.58
MSB-630,OPP_2D_20_3s_8I_30W,1000,1000,20,20,0,0,0,0,0,0,1,1,0.002
MSB-630,OPP_2D_20_3s_8I_32W,1000,1000,20,20,0,0,0,0,0,0,1,1,0.001
MSB-630,OPP_2D_20_3s_8I_34W,1000,1000,20,20,0,0,0,0,0,0,1,1,0.001
MSB-630,OPP_2D_20_3s_8I_36W,1000,1000,20,20,0,0,0,0,0,0,1,1,0.002
MSB-630,OPP_2D_20_3s_8I_38W,1000,1000,20,20,0,0,0,0,0,0,1,1,0.003
MSB-630,OPP_2D_20_3s_8I_40W,1000,1000,20,20,0,0,0,0,0,0,1,1,0.001
MSB-630,OPP_2D_20_3s_8I_4W,1000,1000,20,20,51650,58977,0,0,0,0,0,0,307.6
MSB-630,OPP_2D_20_3s_8I_6W,1000,1000,20,20,0,0,0,0,0,0,1,1,0.002
MSB-630,OPP_2D_20_3s_8I_8W,1000,1000,20,20,0,0,0,0,0,0,1,1,0.001
MSB-630,OPP_2D_20_3s_9I_0W,1000,1000,20,20,4804,5497,0,0,0,0,0,0,307.554
MSB-630,OPP_2D_20_3s_9I_10W,1000,1000,20,20,0,0,0,0,0,0,1,1,0.002
MSB-630,OPP_2D_20_3s_9I_12W,1000,1000,20,20,0,0,0,0,0,0,1,1,0.002
MSB-630,OPP_2D_20_3s_9I_14W,1000,1000,20,20,0,0,0,0,0,0,1,1,0.001
MSB-630,OPP_2D_20_3s_9I_16W,1000,1000,20,20,0,0,0,0,0,0,1,1,0.003
MSB-630,OPP_2D_20_3s_9I_18W,1000,1000,20,20,0,0,0,0,0,0,1,1,0.001
MSB-630,OPP_2D_20_3s_9I_20W,1000,1000,20,20,0,0,0,0,0,0,1,1,0.002
MSB-630,OPP_2D_20_3s_9I_22W,1000,1000,20,20,0,0,0,0,0,0,1,1,0.001
MSB-630,OPP_2D_20_3s_9I_24W,1000,1000,20,20,0,0,0,0,0,0,1,1,0.001
MSB-630,OPP_2D_20_3s_9I_26W,1000,1000,20,20,0,0,0,0,0,0,1,1,0.002
MSB-630,OPP_2D_20_3s_9I_28W,1000,1000,20,20,0,0,0,0,0,0,1,1,0.001
MSB-630,OPP_2D_20_3s_9I_2W,1000,1000,20,20,42716,52868,0,0,0,0,0,0,307.577
MSB-630,OPP_2D_20_3s_9I_30W,1000,1000,20,20,0,0,0,0,0,0,1,1,0.002
MSB-630,OPP_2D_20_3s_9I_32W,1000,1000,20,20,0,0,0,0,0,0,1,1,0.002
MSB-630,OPP_2D_20_3s_9I_34W,1000,1000,20,20,0,0,0,0,0,0,1,1,0.002
MSB-630,OPP_2D_20_3s_9I_36W,1000,1000,20,20,0,0,0,0,0,0,1,1,0.001
MSB-630,OPP_2D_20_3s_9I_38W,1000,1000,20,20,0,0,0,0,0,0,1,1,0.002
MSB-630,OPP_2D_20_3s_9I_40W,1000,1000,20,20,0,0,0,0,0,0,1,1,0.002
MSB-630,OPP_2D_20_3s_9I_4W,1000,1000,20,20,10086,13356,0,0,0,0,1,1,54.231
MSB-630,OPP_2D_20_3s_9I_6W,1000,1000,20,20,0,0,0,0,0,0,1,1,0.003
MSB-630,OPP_2D_20_3s_9I_8W,1000,1000,20,20,0,0,0,0,0,0,1,1,0.004
