Set,Instance,W,H,n,density,|E_d|,|I_in|,|I_out|,UB0-KP,UB0-LS,UB0,LB0,UB,LB,Gap0,Gap,Opt0,Opt,Nodes',Nodes,#OPP,#EOPP,Time-OPP,Time-EOPP,Time-UB0-KP,Time-UB0-LS,Time-LB0,Time-Red,Time
CGCUT,cgcut1_1,15,10,7,0.1,2,0,0,163,139,139,139,139,139,0.0,0.0,1,1,0,0,0,0,0.0,0.0,0.0,0.0,0.0,0.0,0.0
CGCUT,cgcut1_2,15,10,7,0.17,3,0,0,163,137,137,137,137,137,0.0,0.0,1,1,0,0,0,0,0.0,0.0,0.0,0.0,0.0,0.0,0.0
CGCUT,cgcut1_3,15,10,7,0.25,5,0,0,163,109,109,109,109,109,0.0,0.0,1,1,0,0,0,0,0.0,0.0,0.0,0.0,0.0,0.0,0.0
CGCUT,cgcut2_1,40,70,10,0.1,4,0,0,2303,1804,1804,1804,1804,1804,0.0,0.0,1,1,0,0,0,0,0.0,0.0,0.0,0.0,0.0,0.0,0.0
CGCUT,cgcut2_2,40,70,10,0.17,7,0,0,2303,1744,1744,1744,1744,1744,0.0,0.0,1,1,0,0,0,0,0.0,0.0,0.0,0.0,0.0,0.0,0.0
CGCUT,cgcut2_3,40,70,10,0.25,11,0,0,2303,1537,1537,1537,1537,1537,0.0,0.0,1,1,0,0,0,0,0.0,0.0,0.0,0.0,0.0,0.0,0.0
CGCUT,cgcut3_1,40,70,20,0.1,19,0,0,1840,1700,1700,1500,1620,1620,0.11764705882352941,0.0,0,1,0,0,0,0,0.0,0.0,0.001,0.001,0.0,0.0,0.014
CGCUT,cgcut3_2,40,70,20,0.17,32,0,0,1840,1680,1680,1480,1500,1500,0.11904761904761904,0.0,0,1,63,63,0,0,0.0,0.0,0.0,0.0,0.001,0.0,0.051
CGCUT,cgcut3_3,40,70,20,0.25,47,0,0,1840,1520,1520,1400,1400,1400,0.07894736842105263,0.0,0,1,0,0,0,0,0.0,0.0,0.0,0.0,0.001,0.0,0.034
GCUT,gcut1_1,250,250,10,0.1,4,0,0,62488,61677,61677,48368,48368,48368,0.21578546297647422,0.0,0,1,0,0,0,0,0.0,0.0,0.001,0.0,0.0,0.0,0.008
GCUT,gcut1_2,250,250,10,0.17,7,0,0,62488,62324,62324,48368,48368,48368,0.2239265772415121,0.0,0,1,0,0,0,0,0.0,0.0,0.001,0.0,0.001,0.0,0.009
GCUT,gcut1_3,250,250,10,0.25,11,0,0,62488,54409,54409,46516,46516,46516,0.14506791155874948,0.0,0,1,0,1,0,0,0.0,0.0,0.001,0.0,0.0,0.0,0.006
GCUT,gcut2_1,250,250,20,0.1,19,0,0,62500,62488,62488,59563,59563,59563,0.04680898732556651,0.0,0,1,69,69,0,0,0.0,0.0,0.001,0.001,0.0,0.0,0.098
GCUT,gcut2_2,250,250,20,0.17,32,0,0,62500,62490,62490,58540,58540,58540,0.06321011361817891,0.0,0,1,105,105,0,0,0.0,0.0,0.001,0.001,0.002,0.0,0.189
GCUT,gcut2_3,250,250,20,0.25,47,0,0,62500,62493,62493,58705,58705,58705,0.06061478885635191,0.0,0,1,19,19,0,0,0.0,0.0,0.001,0.0,0.001,0.0,0.092
GCUT,gcut3_1,250,250,30,0.1,43,0,0,62500,62500,62500,59895,60080,60080,0.04168,0.0,0,1,593,593,0,0,0.0,0.0,0.002,0.005,0.004,0.0,0.716
GCUT,gcut3_2,250,250,30,0.17,73,0,0,62500,62498,62498,59827,59827,59827,0.04273736759576306,0.0,0,1,308,308,0,0,0.0,0.0,0.001,0.004,0.002,0.0,0.285
GCUT,gcut3_3,250,250,30,0.25,108,0,0,62500,62496,62496,59390,59390,59390,0.049699180747567843,0.0,0,1,199,199,0,0,0.0,0.0,0.001,0.001,0.002,0.0,0.25
GCUT,gcut4_1,250,250,50,0.1,122,0,0,62500,62500,62500,61380,61380,61380,0.01792,0.0,0,1,3054,3057,0,0,0.0,0.0,0.002,0.015,0.059,0.0,4.298
GCUT,gcut4_2,250,250,50,0.17,208,0,0,62500,62500,62500,60942,60942,60942,0.024928,0.0,0,1,4522,4523,0,0,0.0,0.0,0.002,0.005,0.026,0.0,6.878
GCUT,gcut4_3,250,250,50,0.25,306,0,0,62500,62500,62500,60388,60388,60388,0.033792,0.0,0,1,2592,2594,0,0,0.0,0.0,0.002,0.009,0.01,0.0,3.746
GCUT,gcut5_1,500,500,10,0.1,4,0,0,249854,249669,249669,195582,195582,195582,0.21663482450764812,0.0,0,1,0,0,0,0,0.0,0.0,0.003,0.0,0.0,0.0,0.047
GCUT,gcut5_2,500,500,10,0.17,7,0,0,249854,249326,249326,192907,192907,192907,0.22628606723727168,0.0,0,1,0,0,0,0,0.0,0.0,0.001,0.0,0.001,0.0,0.047
GCUT,gcut5_3,500,500,10,0.25,11,0,0,249854,238274,238274,181982,181982,181982,0.23624902423260616,0.0,0,1,0,0,0,0,0.0,0.0,0.002,0.0,0.0,0.0,0.031
GCUT,gcut6_1,500,500,20,0.1,19,0,0,249992,249992,249992,236305,236305,236305,0.05474975199206374,0.0,0,1,0,0,0,0,0.0,0.0,0.003,0.001,0.0,0.0,0.151
GCUT,gcut6_2,500,500,20,0.17,32,0,0,249992,249717,249717,227555,227555,227555,0.08874846326041079,0.0,0,1,34,34,0,0,0.0,0.0,0.003,0.0,0.001,0.0,0.159
GCUT,gcut6_3,500,500,20,0.25,47,0,0,249992,249855,249855,225229,225229,225229,0.09856116547597607,0.0,0,1,39,39,0,0,0.0,0.0,0.003,0.0,0.001,0.0,0.175
GCUT,gcut7_1,500,500,30,0.1,43,0,0,249998,249996,249996,236483,236483,236483,0.05405286484583753,0.0,0,1,4,4,0,0,0.0,0.0,0.005,0.002,0.003,0.0,0.246
GCUT,gcut7_2,500,500,30,0.17,73,0,0,249998,249996,249996,240143,240143,240143,0.03941263060208963,0.0,0,1,0,0,0,0,0.0,0.0,0.005,0.002,0.001,0.0,0.1
GCUT,gcut7_3,500,500,30,0.25,108,0,0,249998,249978,249978,231494,234804,234804,0.07394250694061077,0.0,0,1,0,0,0,0,0.0,0.0,0.004,0.001,0.002,0.0,0.174
GCUT,gcut8_1,500,500,50,0.1,122,0,0,250000,250000,250000,245758,245758,245758,0.016968,0.0,0,1,1358,1358,0,0,0.0,0.0,0.009,0.087,0.099,0.0,1.933
GCUT,gcut8_2,500,500,50,0.17,208,0,0,250000,250000,250000,243917,243917,243917,0.024332,0.0,0,1,1758,1759,0,0,0.0,0.0,0.01,0.026,0.037,0.0,2.643
GCUT,gcut8_3,500,500,50,0.25,306,0,0,250000,249999,249999,239819,243838,243838,0.04072016288065152,0.0,0,1,1225,1225,0,0,0.0,0.0,0.008,0.021,0.014,0.0,1.523
GCUT,gcut9_1,1000,1000,10,0.1,4,0,0,997256,984654,984654,924503,924503,924503,0.061088463561819684,0.0,0,1,0,0,0,0,0.0,0.0,0.013,0.0,0.0,0.0,0.077
GCUT,gcut9_2,1000,1000,10,0.17,7,0,0,997256,971865,971865,835406,835406,835406,0.1404094190036682,0.0,0,1,0,0,0,0,0.0,0.0,0.019,0.0,0.001,0.0,0.072
GCUT,gcut9_3,1000,1000,10,0.25,11,0,0,997256,986962,986962,819514,819514,819514,0.16966002743773317,0.0,0,1,0,0,0,0,0.0,0.0,0.013,0.0,0.001,0.0,0.077
GCUT,gcut10_1,1000,1000,20,0.1,19,0,0,999918,999918,999918,934559,937349,937349,0.06536435987750995,0.0,0,1,1,1,0,0,0.0,0.0,0.026,0.001,0.001,0.0,0.156
GCUT,gcut10_2,1000,1000,20,0.17,32,0,0,999918,999842,999842,909303,937349,937349,0.09055330742257277,0.0,0,1,0,0,0,0,0.0,0.0,0.026,0.001,0.001,0.0,0.138
GCUT,gcut10_3,1000,1000,20,0.25,47,0,0,999918,999911,999911,877079,899316,899316,0.12284293302103887,0.0,0,1,19,19,0,0,0.0,0.0,0.027,0.001,0.001,0.0,0.173
GCUT,gcut11_1,1000,1000,30,0.1,43,0,0,1000000,1000000,1000000,951831,951831,951831,0.048169,0.0,0,1,389,389,0,0,0.0,0.0,0.051,0.005,0.003,0.0,0.531
GCUT,gcut11_2,1000,1000,30,0.17,73,0,0,1000000,999987,999987,945839,957270,957270,0.05414870393315113,0.0,0,1,178,178,0,0,0.0,0.0,0.035,0.003,0.002,0.0,0.408
GCUT,gcut11_3,1000,1000,30,0.25,108,0,0,1000000,999988,999988,935962,957270,957270,0.06402676832121985,0.0,0,1,128,128,0,0,0.0,0.0,0.034,0.002,0.002,0.0,0.453
GCUT,gcut12_1,1000,1000,50,0.1,122,0,0,1000000,1000000,1000000,976877,976877,976877,0.023123,0.0,0,1,471,471,0,0,0.0,0.0,0.049,0.043,0.027,0.0,1.442
GCUT,gcut12_2,1000,1000,50,0.17,208,0,0,1000000,999993,999993,964648,964648,964648,0.035345247416731916,0.0,0,1,789,791,0,0,0.0,0.0,0.054,0.019,0.012,0.0,2.436
GCUT,gcut12_3,1000,1000,50,0.25,306,0,0,1000000,999984,999984,964648,964648,964648,0.03533656538504616,0.0,0,1,818,819,0,0,0.0,0.0,0.047,0.01,0.008,0.0,1.643
GCUT,gcut13_1,3000,3000,32,0.1,49,0,0,9000000,8690790,8690790,7823040,8671447,8404590,0.09984707949449935,0.030774217959240253,0,0,314263,582620,41,28,686.547,685.58,0.257,0.004,0.018,0.0,5111.457
GCUT,gcut13_2,3000,3000,32,0.17,84,0,0,9000000,7712154,7712154,7553800,7712154,7712154,0.02053304433495493,0.0,0,1,113,186,0,0,0.0,0.0,0.199,0.0,0.001,0.0,31.3
GCUT,gcut13_3,3000,3000,32,0.25,124,0,0,9000000,5064537,5064537,5064537,5064537,5064537,0.0,0.0,1,1,0,0,0,0,0.0,0.0,0.21,0.0,0.001,0.0,0.211
M,m1_1,100,156,10,0.1,4,0,0,15589,15218,15218,12728,13899,13899,0.16362202654750954,0.0,0,1,0,0,0,0,0.0,0.0,0.002,0.0,0.0,0.0,0.047
M,m1_2,100,156,10,0.17,7,0,0,15589,14840,14840,12728,13061,13061,0.14231805929919136,0.0,0,1,0,0,0,0,0.0,0.0,0.0,0.0,0.0,0.0,0.042
M,m1_3,100,156,10,0.25,11,0,0,15589,13384,13384,13384,13384,13384,0.0,0.0,1,1,0,0,0,0,0.0,0.0,0.0,0.0,0.001,0.0,0.001
M,m2_1,253,294,10,0.1,4,0,0,74091,69716,69716,62169,62169,62169,0.10825348557002697,0.0,0,1,292,292,0,0,0.0,0.0,0.001,0.0,0.0,0.0,0.046
M,m2_2,253,294,10,0.17,7,0,0,74091,54434,54434,54434,54434,54434,0.0,0.0,1,1,0,0,0,0,0.0,0.0,0.001,0.0,0.0,0.0,0.001
M,m2_3,253,294,10,0.25,11,0,0,74091,52777,52777,44923,52777,52777,0.148814824639521,0.0,0,1,0,1,0,0,0.0,0.0,0.001,0.0,0.0,0.0,0.011
M,m3_1,318,473,10,0.1,4,0,0,150021,143877,143877,133085,133085,133085,0.0750085142170048,0.0,0,1,0,0,0,0,0.0,0.0,0.001,0.0,0.0,0.0,0.032
M,m3_2,318,473,10,0.17,7,0,0,150021,149106,149106,121181,133802,133802,0.1872828725872869,0.0,0,1,0,0,0,0,0.0,0.0,0.001,0.0,0.001,0.0,0.023
M,m3_3,318,473,10,0.25,11,0,0,150021,108619,108619,108619,108619,108619,0.0,0.0,1,1,0,0,0,0,0.0,0.0,0.0,0.0,0.0,0.0,0.0
M,m4_1,501,556,10,0.1,4,0,0,278294,257811,257811,225931,233361,233361,0.12365647703162394,0.0,0,1,0,1,0,0,0.0,0.0,0.001,0.0,0.001,0.0,0.034
M,m4_2,501,556,10,0.17,7,0,0,278294,278227,278227,220120,220120,220120,0.20884745190078605,0.0,0,1,0,0,0,0,0.0,0.0,0.001,0.0,0.001,0.0,0.026
M,m4_3,501,556,10,0.25,11,0,0,278294,238934,238934,238934,238934,238934,0.0,0.0,1,1,0,0,0,0,0.0,0.0,0.001,0.0,0.0,0.0,0.002
M,m5_1,750,806,10,0.1,4,0,0,603452,592918,592918,495680,538994,538994,0.1639990690112292,0.0,0,1,0,0,0,0,0.0,0.0,0.005,0.0,0.0,0.0,0.055
M,m5_2,750,806,10,0.17,7,0,0,603452,576905,576905,495680,508345,508345,0.14079441155822883,0.0,0,1,52,52,0,0,0.0,0.0,0.002,0.0,0.0,0.0,0.05
M,m5_3,750,806,10,0.25,11,0,0,603452,520844,520844,520844,520844,520844,0.0,0.0,1,1,0,0,0,0,0.0,0.0,0.006,0.0,0.0,0.0,0.006
MW,mw1_1,100,156,10,0.1,4,0,0,3656,3618,3618,2968,3240,3240,0.179657269209508,0.0,0,1,0,0,0,0,0.0,0.0,0.0,0.0,0.0,0.0,0.03
MW,mw1_2,100,156,10,0.17,7,0,0,3656,3405,3405,2919,2948,2948,0.14273127753303966,0.0,0,1,23,23,0,0,0.0,0.0,0.0,0.0,0.0,0.0,0.03
MW,mw1_3,100,156,10,0.25,11,0,0,3656,3039,3039,3039,3039,3039,0.0,0.0,1,1,0,0,0,0,0.0,0.0,0.0,0.001,0.0,0.0,0.001
MW,mw2_1,253,294,10,0.1,4,0,0,18075,16740,16740,15433,15433,15433,0.07807646356033453,0.0,0,1,142,142,0,0,0.0,0.0,0.001,0.0,0.0,0.0,0.037
MW,mw2_2,253,294,10,0.17,7,0,0,18075,13074,13074,12397,13074,13074,0.05178216307174545,0.0,0,1,0,1,0,0,0.0,0.0,0.001,0.0,0.0,0.0,0.011
MW,mw2_3,253,294,10,0.25,11,0,0,18075,12813,12813,11164,12813,12813,0.1286974166861781,0.0,0,1,0,1,0,0,0.0,0.0,0.001,0.0,0.0,0.0,0.009
MW,mw3_1,318,473,10,0.1,4,0,0,34032,32409,32409,30359,30359,30359,0.06325403437316794,0.0,0,1,0,0,0,0,0.0,0.0,0.001,0.0,0.0,0.0,0.032
MW,mw3_2,318,473,10,0.17,7,0,0,34032,32897,32897,27629,29899,29899,0.160136182630635,0.0,0,1,0,0,0,0,0.0,0.0,0.001,0.0,0.0,0.0,0.021
MW,mw3_3,318,473,10,0.25,11,0,0,34032,25317,25317,25317,25317,25317,0.0,0.0,1,1,0,0,0,0,0.0,0.0,0.001,0.0,0.0,0.0,0.001
MW,mw4_1,501,556,10,0.1,4,0,0,54693,51098,51098,42738,48732,48732,0.16360718619124037,0.0,0,1,0,0,0,0,0.0,0.0,0.001,0.0,0.0,0.0,0.021
MW,mw4_2,501,556,10,0.17,7,0,0,54693,52385,52385,43158,45415,45415,0.17613820750214756,0.0,0,1,58,58,0,0,0.0,0.0,0.001,0.001,0.0,0.0,0.052
MW,mw4_3,501,556,10,0.25,11,0,0,54693,46458,46458,43908,46458,46458,0.05488828619398166,0.0,0,1,0,1,0,0,0.0,0.0,0.001,0.0,0.0,0.0,0.021
MW,mw5_1,750,806,10,0.1,4,0,0,161641,160094,160094,133339,143961,143961,0.16712056666708308,0.0,0,1,0,0,0,0,0.0,0.0,0.004,0.0,0.0,0.0,0.052
MW,mw5_2,750,806,10,0.17,7,0,0,161641,155075,155075,126990,126990,126990,0.18110591649201999,0.0,0,1,57,57,0,0,0.0,0.0,0.003,0.0,0.0,0.0,0.05
MW,mw5_3,750,806,10,0.25,11,0,0,161641,126304,126304,126304,126304,126304,0.0,0.0,1,1,0,0,0,0,0.0,0.0,0.007,0.0,0.0,0.0,0.007
NGCUT,ngcut01_1,10,10,5,0.1,1,0,0,168,141,141,118,141,141,0.16312056737588654,0.0,0,1,0,0,0,0,0.0,0.0,0.0,0.0,0.0,0.0,0.002
NGCUT,ngcut01_2,10,10,5,0.17,1,0,0,168,118,118,118,118,118,0.0,0.0,1,1,0,0,0,0,0.0,0.0,0.0,0.0,0.0,0.0,0.0
NGCUT,ngcut01_3,10,10,5,0.25,2,0,0,168,125,125,118,118,118,0.056,0.0,0,1,0,0,0,0,0.0,0.0,0.0,0.0,0.0,0.0,0.002
NGCUT,ngcut02_1,10,10,7,0.1,2,0,0,206,166,166,135,138,138,0.18674698795180722,0.0,0,1,0,1,0,0,0.0,0.0,0.0,0.0,0.0,0.0,0.004
NGCUT,ngcut02_2,10,10,7,0.17,3,0,0,206,130,130,130,130,130,0.0,0.0,1,1,0,0,0,0,0.0,0.0,0.0,0.0,0.0,0.0,0.0
NGCUT,ngcut02_3,10,10,7,0.25,5,0,0,206,148,148,148,148,148,0.0,0.0,1,1,0,0,0,0,0.0,0.0,0.0,0.0,0.0,0.0,0.0
NGCUT,ngcut03_1,10,10,10,0.1,4,0,0,241,214,214,194,194,194,0.09345794392523364,0.0,0,1,0,0,0,0,0.0,0.0,0.0,0.0,0.001,0.0,0.006
NGCUT,ngcut03_2,10,10,10,0.17,7,0,0,241,207,207,185,185,185,0.10628019323671498,0.0,0,1,5,5,0,0,0.0,0.0,0.0,0.0,0.0,0.0,0.01
NGCUT,ngcut03_3,10,10,10,0.25,11,0,0,241,183,183,183,183,183,0.0,0.0,1,1,0,0,0,0,0.0,0.0,0.0,0.0,0.0,0.0,0.0
NGCUT,ngcut04_1,15,10,5,0.1,1,0,0,207,193,193,193,193,193,0.0,0.0,1,1,0,0,0,0,0.0,0.0,0.0,0.0,0.0,0.0,0.0
NGCUT,ngcut04_2,15,10,5,0.17,1,0,0,207,173,173,173,173,173,0.0,0.0,1,1,0,0,0,0,0.0,0.0,0.0,0.0,0.0,0.0,0.0
NGCUT,ngcut04_3,15,10,5,0.25,2,0,0,207,146,146,146,146,146,0.0,0.0,1,1,0,0,0,0,0.0,0.0,0.0,0.0,0.0,0.0,0.0
NGCUT,ngcut05_1,15,10,7,0.1,2,0,0,296,263,263,226,227,227,0.14068441064638784,0.0,0,1,0,0,0,0,0.0,0.0,0.0,0.0,0.0,0.0,0.001
NGCUT,ngcut05_2,15,10,7,0.17,3,0,0,296,263,263,251,251,251,0.045627376425855515,0.0,0,1,0,0,0,0,0.0,0.0,0.0,0.0,0.001,0.0,0.003
NGCUT,ngcut05_3,15,10,7,0.25,5,0,0,296,233,233,233,233,233,0.0,0.0,1,1,0,0,0,0,0.0,0.0,0.0,0.0,0.0,0.0,0.0
NGCUT,ngcut06_1,15,10,10,0.1,4,0,0,309,268,268,222,238,238,0.17164179104477612,0.0,0,1,0,0,0,0,0.0,0.0,0.0,0.0,0.0,0.0,0.006
NGCUT,ngcut06_2,15,10,10,0.17,7,0,0,309,279,279,204,250,250,0.26881720430107525,0.0,0,1,0,0,0,0,0.0,0.0,0.0,0.0,0.0,0.0,0.007
NGCUT,ngcut06_3,15,10,10,0.25,11,0,0,309,225,225,179,225,225,0.20444444444444446,0.0,0,1,0,1,0,0,0.0,0.0,0.0,0.0,0.0,0.0,0.004
NGCUT,ngcut07_1,20,20,5,0.1,1,0,0,374,370,370,370,370,370,0.0,0.0,1,1,0,0,0,0,0.0,0.0,0.0,0.0,0.0,0.0,0.0
NGCUT,ngcut07_2,20,20,5,0.17,1,0,0,374,348,348,348,348,348,0.0,0.0,1,1,0,0,0,0,0.0,0.0,0.0,0.0,0.0,0.0,0.0
NGCUT,ngcut07_3,20,20,5,0.25,2,0,0,374,370,370,370,370,370,0.0,0.0,1,1,0,0,0,0,0.0,0.0,0.0,0.0,0.0,0.0,0.0
NGCUT,ngcut08_1,20,20,7,0.1,2,0,0,673,635,635,610,635,635,0.03937007874015748,0.0,0,1,0,0,0,0,0.0,0.0,0.001,0.0,0.0,0.0,0.003
NGCUT,ngcut08_2,20,20,7,0.17,3,0,0,673,610,610,610,610,610,0.0,0.0,1,1,0,0,0,0,0.0,0.0,0.0,0.0,0.0,0.0,0.0
NGCUT,ngcut08_3,20,20,7,0.25,5,0,0,673,358,358,358,358,358,0.0,0.0,1,1,0,0,0,0,0.0,0.0,0.0,0.0,0.0,0.0,0.0
NGCUT,ngcut09_1,20,20,10,0.1,4,0,0,867,851,851,804,804,804,0.055229142185663924,0.0,0,1,0,0,0,0,0.0,0.0,0.0,0.0,0.0,0.0,0.006
NGCUT,ngcut09_2,20,20,10,0.17,7,0,0,867,847,847,712,712,712,0.15938606847697756,0.0,0,1,0,0,0,0,0.0,0.0,0.0,0.001,0.0,0.0,0.008
NGCUT,ngcut09_3,20,20,10,0.25,11,0,0,867,726,726,681,681,681,0.06198347107438017,0.0,0,1,0,0,0,0,0.0,0.0,0.0,0.0,0.001,0.0,0.004
NGCUT,ngcut10_1,30,30,5,0.1,1,0,0,1063,763,763,763,763,763,0.0,0.0,1,1,0,0,0,0,0.0,0.0,0.0,0.0,0.0,0.0,0.0
NGCUT,ngcut10_2,30,30,5,0.17,1,0,0,1063,998,998,998,998,998,0.0,0.0,1,1,0,0,0,0,0.0,0.0,0.0,0.0,0.0,0.0,0.0
NGCUT,ngcut10_3,30,30,5,0.25,2,0,0,1063,763,763,763,763,763,0.0,0.0,1,1,0,0,0,0,0.0,0.0,0.0,0.0,0.0,0.0,0.0
NGCUT,ngcut11_1,30,30,7,0.1,2,0,0,1439,1358,1358,1114,1114,1114,0.1796759941089838,0.0,0,1,0,0,0,0,0.0,0.0,0.0,0.0,0.0,0.0,0.002
NGCUT,ngcut11_2,30,30,7,0.17,3,0,0,1439,1077,1077,1077,1077,1077,0.0,0.0,1,1,0,0,0,0,0.0,0.0,0.0,0.0,0.0,0.0,0.0
NGCUT,ngcut11_3,30,30,7,0.25,5,0,0,1439,872,872,872,872,872,0.0,0.0,1,1,0,0,0,0,0.0,0.0,0.0,0.0,0.0,0.0,0.0
NGCUT,ngcut12_1,30,30,10,0.1,4,0,0,1799,1541,1541,1302,1302,1302,0.15509409474367294,0.0,0,1,0,0,0,0,0.0,0.0,0.0,0.0,0.001,0.0,0.006
NGCUT,ngcut12_2,30,30,10,0.17,7,0,0,1799,1531,1531,1272,1272,1272,0.16917047681254083,0.0,0,1,0,0,0,0,0.0,0.0,0.0,0.0,0.0,0.0,0.004
NGCUT,ngcut12_3,30,30,10,0.25,11,0,0,1799,1402,1402,1179,1179,1179,0.15905848787446505,0.0,0,1,0,0,0,0,0.0,0.0,0.0,0.0,0.0,0.0,0.007
OKP,okp1_1,100,100,15,0.1,10,0,0,26749,25008,25008,20518,22048,22048,0.17954254638515674,0.0,0,1,0,1,0,0,0.0,0.0,0.001,0.0,0.0,0.0,0.067
OKP,okp1_2,100,100,15,0.17,17,0,0,26749,18099,18099,17763,17763,17763,0.018564561577987734,0.0,0,1,0,0,0,0,0.0,0.0,0.0,0.0,0.0,0.0,0.028
OKP,okp1_3,100,100,15,0.25,26,0,0,26749,17771,17771,16422,16422,16422,0.07591019076022734,0.0,0,1,564,564,0,0,0.0,0.0,0.001,0.0,0.0,0.0,0.133
OKP,okp2_1,100,100,30,0.1,43,0,0,24800,22296,22296,20892,20892,20892,0.06297093649085038,0.0,0,1,9265,9268,0,0,0.0,0.0,0.001,0.001,0.004,0.0,5.419
OKP,okp2_2,100,100,30,0.17,73,0,0,24800,22410,22410,20484,20484,20484,0.0859437751004016,0.0,0,1,23848,23929,0,0,0.0,0.0,0.0,0.0,0.002,0.0,10.546
OKP,okp2_3,100,100,30,0.25,108,0,0,24800,21652,21652,18641,19545,19545,0.139063365970811,0.0,0,1,28063,28073,0,0,0.0,0.0,0.0,0.001,0.001,0.0,14.222
OKP,okp3_1,100,100,30,0.1,43,0,0,26714,25656,25656,22801,23196,23196,0.11128001247271593,0.0,0,1,1353,1353,0,0,0.0,0.0,0.001,0.001,0.009,0.0,0.69
OKP,okp3_2,100,100,30,0.17,73,0,0,26714,25082,25082,22531,22531,22531,0.10170640299816601,0.0,0,1,3582,3582,0,0,0.0,0.0,0.001,0.0,0.001,0.0,1.646
OKP,okp3_3,100,100,30,0.25,108,0,0,26714,24785,24785,22531,22531,22531,0.09094210207786968,0.0,0,1,2654,2656,0,0,0.0,0.0,0.0,0.0,0.001,0.0,0.982
OKP,okp4_1,100,100,33,0.1,52,0,0,28798,28788,28788,25474,25474,25474,0.11511741003195776,0.0,0,1,22484,22494,0,0,0.0,0.0,0.001,0.0,0.003,0.0,11.045
OKP,okp4_2,100,100,33,0.17,89,0,0,28798,27001,27001,24119,24695,24695,0.1067367875263879,0.0,0,1,30748,30752,0,0,0.0,0.0,0.0,0.0,0.002,0.0,11.335
OKP,okp4_3,100,100,33,0.25,132,0,0,28798,27227,27227,23150,23264,23264,0.1497410658537481,0.0,0,1,12795,12814,0,0,0.0,0.0,0.001,0.0,0.001,0.0,7.852
OKP,okp5_1,100,100,29,0.1,40,0,0,24800,23424,23424,19836,20344,20344,0.15317622950819673,0.0,0,1,524364,524739,0,0,0.0,0.0,0.0,0.001,0.004,0.0,167.128
OKP,okp5_2,100,100,29,0.17,69,0,0,24800,22744,22744,19536,19766,19766,0.14104818853323953,0.0,0,1,9074,9081,0,0,0.0,0.0,0.001,0.0,0.001,0.0,4.506
OKP,okp5_3,100,100,29,0.25,101,0,0,24800,21030,21030,18209,18215,18215,0.13414170233000475,0.0,0,1,20170,20177,0,0,0.0,0.0,0.001,0.0,0.001,0.0,7.618
UW,uw1_1,500,500,25,0.1,30,0,0,4766,4208,4208,3794,3973,3973,0.09838403041825095,0.0,0,1,28,28,0,0,0.0,0.0,0.003,0.001,0.0,0.0,0.247
UW,uw1_2,500,500,25,0.17,51,0,0,4766,3564,3564,3249,3258,3258,0.08838383838383838,0.0,0,1,1222,1222,0,0,0.0,0.0,0.004,0.0,0.001,0.0,0.303
UW,uw1_3,500,500,25,0.25,75,0,0,4766,3383,3383,3169,3360,3360,0.06325746378953591,0.0,0,1,262,262,0,0,0.0,0.0,0.005,0.0,0.001,0.0,0.18
UW,uw2_1,560,750,35,0.1,59,0,0,5647,5277,5277,4760,5019,5019,0.0979723327648285,0.0,0,1,2834,2834,0,0,0.0,0.0,0.005,0.0,0.002,0.0,2.48
UW,uw2_2,560,750,35,0.17,101,0,0,5647,5134,5134,4372,4784,4784,0.14842228282041292,0.0,0,1,3449,3449,0,0,0.0,0.0,0.005,0.0,0.003,0.0,1.972
UW,uw2_3,560,750,35,0.25,148,0,0,5647,4571,4571,3976,4571,4571,0.13016845329249618,0.0,0,1,0,1,0,0,0.0,0.0,0.006,0.001,0.001,0.0,0.178
UW,uw3_1,700,650,35,0.1,59,0,0,4444,3686,3686,3411,3481,3481,0.07460661964188822,0.0,0,1,2686,2686,0,0,0.0,0.0,0.006,0.0,0.001,0.0,1.314
UW,uw3_2,700,650,35,0.17,101,0,0,4444,3549,3549,3126,3222,3222,0.11918850380388842,0.0,0,1,1541,1541,0,0,0.0,0.0,0.007,0.0,0.001,0.0,1.016
UW,uw3_3,700,650,35,0.25,148,0,0,4444,3635,3635,3297,3297,3297,0.09298486932599725,0.0,0,1,588,588,0,0,0.0,0.0,0.006,0.0,0.0,0.0,0.629
UW,uw4_1,1245,1015,45,0.1,99,0,0,6307,5888,5888,5140,5594,5594,0.12703804347826086,0.0,0,1,19500,19500,0,0,0.0,0.0,0.026,0.0,0.006,0.0,29.092
UW,uw4_2,1245,1015,45,0.17,168,0,0,6307,6109,6109,5432,5634,5634,0.1108201014896055,0.0,0,1,64606,64606,0,0,0.0,0.0,0.025,0.0,0.002,0.0,56.824
UW,uw4_3,1245,1015,45,0.25,247,0,0,6307,4940,4940,4314,4522,4522,0.12672064777327935,0.0,0,1,19666,19666,0,0,0.0,0.0,0.025,0.001,0.002,0.0,25.799
UW,uw5_1,1100,1450,35,0.1,59,0,0,5232,4682,4682,4291,4291,4291,0.08351131994873985,0.0,0,1,1587,1587,0,0,0.0,0.0,0.026,0.001,0.001,0.0,1.151
UW,uw5_2,1100,1450,35,0.17,101,0,0,5232,4501,4501,4217,4217,4217,0.06309708953565875,0.0,0,1,497,497,0,0,0.0,0.0,0.024,0.0,0.001,0.0,0.76
UW,uw5_3,1100,1450,35,0.25,148,0,0,5232,3909,3909,3667,3701,3701,0.06190841647480174,0.0,0,1,1164,1164,0,0,0.0,0.0,0.025,0.0,0.001,0.0,0.895
UW,uw6_1,1750,1542,47,0.1,108,0,0,5480,5241,5241,4847,5040,5040,0.07517649303568022,0.0,0,1,2182,2182,0,0,0.0,0.0,0.055,0.0,0.003,0.0,5.248
UW,uw6_2,1750,1542,47,0.17,183,0,0,5480,5132,5132,4656,4708,4708,0.09275136399064692,0.0,0,1,1442,1442,0,0,0.0,0.0,0.052,0.0,0.001,0.0,4.302
UW,uw6_3,1750,1542,47,0.25,270,0,0,5480,4688,4688,4195,4229,4229,0.10516211604095563,0.0,0,1,7007,7007,0,0,0.0,0.0,0.081,0.0,0.002,0.0,8.887
UW,uw7_1,2250,1875,50,0.1,122,0,0,6688,5963,5963,5502,5648,5648,0.07731007881938622,0.0,0,1,2332,2332,0,0,0.0,0.0,0.096,0.0,0.002,0.0,5.091
UW,uw7_2,2250,1875,50,0.17,208,0,0,6688,5606,5606,4975,5305,5305,0.11255797359971459,0.0,0,1,2624,2624,0,0,0.0,0.0,0.139,0.0,0.003,0.0,4.818
UW,uw7_3,2250,1875,50,0.25,306,0,0,6688,5288,5288,4945,4989,4989,0.06486384266263237,0.0,0,1,7409,7409,0,0,0.0,0.0,0.097,0.0,0.001,0.0,11.401
UW,uw8_1,2645,2763,55,0.1,148,0,0,6165,5867,5867,5359,5600,5600,0.08658598943241862,0.0,0,1,56661,56661,0,0,0.0,0.0,0.232,0.0,0.002,0.0,69.966
UW,uw8_2,2645,2763,55,0.17,252,0,0,6165,4991,4991,4699,4750,4750,0.05850530955720296,0.0,0,1,18521,18521,0,0,0.0,0.0,0.216,0.0,0.002,0.0,28.637
UW,uw8_3,2645,2763,55,0.25,371,0,0,6165,4743,4743,4396,4396,4396,0.07316044697448872,0.0,0,1,11783,11783,0,0,0.0,0.0,0.218,0.0,0.001,0.0,22.587
UW,uw9_1,3000,3250,45,0.1,99,0,0,4881,4434,4434,4007,4113,4113,0.09630130807397384,0.0,0,1,2611,2611,0,0,0.0,0.0,0.231,0.0,0.003,0.0,5.404
UW,uw9_2,3000,3250,45,0.17,168,0,0,4881,4688,4688,3995,4198,4198,0.14782423208191126,0.0,0,1,1329,1329,0,0,0.0,0.0,0.258,0.001,0.004,0.0,4.668
UW,uw9_3,3000,3250,45,0.25,247,0,0,4881,3938,3938,3453,3694,3694,0.12315896394108684,0.0,0,1,1799,1799,0,0,0.0,0.0,0.249,0.0,0.002,0.0,4.889
UW,uw10_1,3500,3650,60,0.1,177,0,0,6471,6134,6134,5446,5680,5680,0.11216172155200521,0.0,0,1,89966,89966,0,0,0.0,0.0,0.419,0.0,0.008,0.0,39.133
UW,uw10_2,3500,3650,60,0.17,300,0,0,6471,5625,5625,4839,5201,5201,0.13973333333333332,0.0,0,1,68262,68262,0,0,0.0,0.0,0.397,0.001,0.009,0.0,93.887
UW,uw10_3,3500,3650,60,0.25,442,0,0,6471,5162,5162,4515,4717,4717,0.12533901588531576,0.0,0,1,53122,53122,0,0,0.0,0.0,0.45,0.0,0.003,0.0,74.998
UW,uw11_1,555,632,30,0.1,43,0,0,6987,5786,5786,5207,5545,5545,0.10006913238852402,0.0,0,1,795444,795444,0,0,0.0,0.0,0.005,0.001,0.003,0.0,1057.369
UW,uw11_2,555,632,30,0.17,73,0,0,6987,5717,5717,5267,5452,5452,0.07871261150953297,0.0,0,1,1302248,1302248,0,0,0.0,0.0,0.005,0.001,0.001,0.0,1133.145
UW,uw11_3,555,632,30,0.25,108,0,0,6987,5175,5175,4655,5015,5015,0.10048309178743961,0.0,0,1,181815,181815,0,0,0.0,0.0,0.005,0.001,0.001,0.0,184.018
